Original Shapefile Name,Agency,Date Acquired,Acreage,Time Frame (Days),Project Name,Treatment Type,Date Completed,Other
Projects_Grazing,Montecito,"Jul 11, 2022",49.29349536,24,NA,WUI FR_FB,Proposed Treatments,NA
Projects_Grazing,Montecito,"Jul 11, 2022",66.35360786,30,NA,WUI FR_FB,Proposed Treatments,NA
Projects_Grazing,Montecito,"Jul 11, 2022",78.51636469,20,NA,WUI FR_FB,Proposed Treatments,NA
Projects_Grazing,Montecito,"Jul 11, 2022",270.80534698,50,NA,WUI FR_FB,Proposed Treatments,NA
Projects_Grazing,Montecito,"Jul 11, 2022",92.88535788,7,NA,WUI FR_FB,Proposed Treatments,NA
Projects_Grazing,Montecito,"Jul 11, 2022",7.62881791,4,NA,WUI FR_FB,Proposed Treatments,NA
Projects_Grazing,Montecito,"Jul 11, 2022",12.78339719,6,NA,WUI FR_FB,Proposed Treatments,NA
Projects_Grazing,Montecito,"Jul 11, 2022",29.07451909,15,NA,WUI FR_FB,Proposed Treatments,NA
Projects_Grazing,Montecito,"Jul 11, 2022",18.48690367,9,NA,WUI FR_FB,Proposed Treatments,NA
Projects_Grazing,Montecito,"Jul 11, 2022",85.75006009,20,NA,WUI FR_FB,Proposed Treatments,NA
Projects_Grazing,Montecito,"Jul 11, 2022",3.65182345,3,NA,WUI FR_FB,Proposed Treatments,NA
Projects_Grazing,Montecito,"Jul 11, 2022",82.5896111,20,NA,WUI FR_FB,Proposed Treatments,NA
Projects_Grazing,Montecito,"Jul 11, 2022",42.68828385,15,NA,WUI FR_FB,Proposed Treatments,NA
Projects_Grazing,Montecito,"Jul 11, 2022",12.52293529,6,NA,WUI FR_FB,Proposed Treatments,NA
Projects_Grazing,Montecito,"Jul 11, 2022",8.34550654,4,NA,WUI FR_FB,Proposed Treatments,NA
Projects_Grazing,Montecito,"Jul 11, 2022",15.74872684,7,NA,WUI FR_FB,Proposed Treatments,NA
Projects_Grazing,Montecito,"Jul 11, 2022",9.03619715,5,NA,WUI FR_FB,Proposed Treatments,NA
Projects_Grazing,Montecito,"Jul 11, 2022",4.15824518,3,NA,WUI FR_FB,Proposed Treatments,NA
Projects_Grazing,Montecito,"Jul 11, 2022",5.01505599,3,NA,WUI FR_FB,Proposed Treatments,NA
Projects_Grazing,Montecito,"Jul 11, 2022",19.59754607,8,NA,WUI FR_FB,Proposed Treatments,NA
Projects_Grazing,Montecito,"Jul 11, 2022",6.59290843,3,NA,WUI FR_FB,Proposed Treatments,NA
Projects_Grazing,Montecito,"Jul 11, 2022",4.93850674,3,NA,WUI FR_FB,Proposed Treatments,NA
Projects_Grazing,Montecito,"Jul 11, 2022",3.37401723,3,NA,WUI FR_FB,Proposed Treatments,NA
Projects_Grazing,Montecito,"Jul 11, 2022",5.13494669,3,NA,WUI FR_FB,Proposed Treatments,NA
Projects_Grazing,Montecito,"Jul 11, 2022",2.62604381,3,NA,WUI FR_FB,Proposed Treatments,NA
Projects_MixedTreatment,Montecito,"Jul 11, 2022",6.35452844,,,FB,Proposed Treatments,NA
Projects_MixedTreatment,Montecito,"Jul 11, 2022",8.09329797,,1000 Blk Mountain Dr - Cold Springs Trail,WUI FR,Proposed Treatments,NA
Projects_MixedTreatment,Montecito,"Jul 11, 2022",14.95507231,,200 Blk W. Mountain Dr,WUI FR_FB,Proposed Treatments,NA
Projects_MixedTreatment,Montecito,"Jul 11, 2022",29.31035074,,2300-2700 Blk Gibraltar Rd,WUI FR,Proposed Treatments,NA
Projects_MixedTreatment,Montecito,"Jul 11, 2022",30.32019167,,2400 Blk Bella Vista Dr,WUI FR_FB,Proposed Treatments,NA
Projects_MixedTreatment,Montecito,"Jul 11, 2022",11.87673845,,2600 Blk Bella Vista Dr,WUI FR_FB,Proposed Treatments,NA
Projects_MixedTreatment,Montecito,"Jul 11, 2022",6.94996087,,985 Hot Springs Rd,WUI FR_FB,Proposed Treatments,NA
Projects_MixedTreatment,Montecito,"Jul 11, 2022",4.19104203,,Buena Vista Edison Road,FB,Proposed Treatments,NA
Projects_MixedTreatment,Montecito,"Jul 11, 2022",0.51166456,,Cima del Mundo - SW Corner,WUI FR,Proposed Treatments,NA
Projects_MixedTreatment,Montecito,"Jul 11, 2022",15.61005749,,County Debris Basin Romero Cyn Rd,WUI FR_FB,Proposed Treatments,NA
Projects_MixedTreatment,Montecito,"Jul 11, 2022",3.9285906,,Coyote/Banana Rd - Central Area,WUI FR_FB,Proposed Treatments,NA
Projects_MixedTreatment,Montecito,"Jul 11, 2022",1.91340406,,Davies,WUI FR_FB,Proposed Treatments,NA
Projects_MixedTreatment,Montecito,"Jul 11, 2022",3.4716031,,Fearing Trail,WUI FR_FB,Proposed Treatments,NA
Projects_MixedTreatment,Montecito,"Jul 11, 2022",16.25224691,,Freehaven Shaded Fuel Break,WUI FR_FB,Proposed Treatments,NA
Projects_MixedTreatment,Montecito,"Jul 11, 2022",5.52671988,,High Drive - 200 Blk  E. MTN Dr,WUI FR_FB,Proposed Treatments,NA
Projects_MixedTreatment,Montecito,"Jul 11, 2022",7.56494588,,High Drive - 200 Blk  W. MTN Dr,WUI FR,Proposed Treatments,NA
Projects_MixedTreatment,Montecito,"Jul 11, 2022",6.88778848,,High Drive - 300 Blk  E. MTN Dr,WUI FR_FB,Proposed Treatments,NA
Projects_MixedTreatment,Montecito,"Jul 11, 2022",3.48444932,,High Drive - Zero Blk  MTN Dr,WUI FR,Proposed Treatments,NA
Projects_MixedTreatment,Montecito,"Jul 11, 2022",8.97831438,,Jackson Ranch Network - North Parcels,WUI FR_FB,Proposed Treatments,NA
Projects_MixedTreatment,Montecito,"Jul 11, 2022",11.76079022,,Lower Hyde,WUI FR,Proposed Treatments,NA
Projects_MixedTreatment,Montecito,"Jul 11, 2022",15.19943163,,Oak Creek Cyn East,WUI FR_FB,Proposed Treatments,NA
Projects_MixedTreatment,Montecito,"Jul 11, 2022",17.16850412,,Ortega Ridge Rd 500 Blk,WUI FR_FB,Proposed Treatments,NA
Projects_MixedTreatment,Montecito,"Jul 11, 2022",9.32124268,,Page Hall - Mountain Drive,WUI FR_FB,Proposed Treatments,NA
Projects_MixedTreatment,Montecito,"Jul 11, 2022",11.30459635,,Romero Edison Road,FB,Proposed Treatments,NA
Projects_MixedTreatment,Montecito,"Jul 11, 2022",9.63210412,,San Ysidro Edison Road,FB,Proposed Treatments,NA
Projects_MixedTreatment,Montecito,"Jul 11, 2022",15.83633048,,Spence,WUI FR_FB,Proposed Treatments,NA
Projects_MixedTreatment,Montecito,"Jul 11, 2022",2.26078104,,Sunrise Hill - Crestview Ln,WUI FR,Proposed Treatments,NA
Projects_MixedTreatment,Montecito,"Jul 11, 2022",9.23742441,,Upper Park Hill Ln - 800 Blk,WUI FR_FB,Proposed Treatments,NA
Projects_MixedTreatment,Montecito,"Jul 11, 2022",28.12154326,,White's,WUI FR_FB,Proposed Treatments,NA
SB_City_Future_Projects,Santa Barbara City,"Aug 2, 2022",93.8025228432,,Conejo Road VMU,NA,NA,NA
SB_City_Future_Projects,Santa Barbara City,"Aug 2, 2022",23.3619161021,,Upper Coyote Road VMU,NA,NA,NA
SB_City_Future_Projects,Santa Barbara City,"Aug 2, 2022",23.7824443245,,Camino Viejo VMU,NA,NA,NA
SB_City_Future_Projects,Santa Barbara City,"Aug 2, 2022",16.9557561513,,Cima Linda Lane VMU,NA,NA,NA
SB_City_Future_Projects,Santa Barbara City,"Aug 2, 2022",25.1967289308,,Owen Road VMU,NA,NA,NA
SB_City_Future_Projects,Santa Barbara City,"Aug 2, 2022",7.9099693186,,Cleveland School Area VMU,NA,NA,NA
SB_City_Future_Projects,Santa Barbara City,"Aug 2, 2022",42.0501435963,,Loma Alta VMU,NA,NA,NA
SB_City_Future_Projects,Santa Barbara City,"Aug 2, 2022",125.695867679,,Las Positas Road VMU,NA,NA,NA
SB_City_Future_Projects,Santa Barbara City,"Aug 2, 2022",40.9468145427,,Flora Vista VMU,NA,NA,NA
SB_City_Future_Projects,Santa Barbara City,"Aug 2, 2022",18.1545475413,,Alturas Del Sol VMU,NA,NA,NA
SB_City_Future_Projects,Santa Barbara City,"Aug 2, 2022",82.7300201682,,San Roque Creek VMU,NA,NA,NA
SB_City_Future_Projects,Santa Barbara City,"Aug 2, 2022",2.92359847552,,Jesusita Drive,NA,NA,NA
SB_City_Future_Projects,Santa Barbara City,"Aug 2, 2022",97.3042918724,,Northridge Road,NA,NA,NA
SB_City_Future_Projects,Santa Barbara City,"Aug 2, 2022",30.8593157272,,Las Alturas/Stanwood Connection,NA,NA,NA
SB_City_Future_Projects,Santa Barbara City,"Aug 2, 2022",105.829080924,,Parma Park,NA,NA,NA
SB_City_Future_Projects,Santa Barbara City,"Aug 2, 2022",45.4924453128,,Lauro Canyon/Arriba Way,NA,NA,NA
SB_City_Future_Projects,Santa Barbara City,"Aug 2, 2022",8.28915884987,,Alston/Cleveland Connection,NA,NA,NA
SB_City_Future_Projects,Santa Barbara City,"Aug 2, 2022",7.21943772173,,Owen Road Extension,NA,NA,NA
SB_City_Future_Projects,Santa Barbara City,"Aug 2, 2022",15.4840800944,,Via Alicia,NA,NA,NA
SB_City_Future_Projects,Santa Barbara City,"Aug 2, 2022",8.90004478269,,Hondo Valley Extension,NA,NA,NA
SB_City_Future_Projects,Santa Barbara City,"Aug 2, 2022",1.75491625702,,Miramonte,NA,NA,NA
SB_City_Future_Projects,Santa Barbara City,"Aug 2, 2022",6.66316352658,,W. Carrillo 1,NA,NA,NA
SB_City_Future_Projects,Santa Barbara City,"Aug 2, 2022",7.27892953839,,Skyline Way,NA,NA,NA
SB_City_Future_Projects,Santa Barbara City,"Aug 2, 2022",1.40999465398,,Loma Alta Extension,NA,NA,NA
SB_City_Future_Projects,Santa Barbara City,"Aug 2, 2022",25.9213444622,,Flora Vista Extension,NA,NA,NA
SB_City_Future_Projects,Santa Barbara City,"Aug 2, 2022",1.79057742476,,W. Victoria,NA,NA,NA
SB_City_Future_Projects,Santa Barbara City,"Aug 2, 2022",91.9404507546,,Elings Park,NA,NA,NA
SB_City_Future_Projects,Santa Barbara City,"Aug 2, 2022",1.38409383776,,W. Carrillo 2,NA,NA,NA
SB_City_Future_Projects,Santa Barbara City,"Aug 2, 2022",14.0403818128,,Nirvana Rd.,NA,NA,NA
SB_City_Future_Projects,Santa Barbara City,"Aug 2, 2022",124.746230632,,Campanil,NA,NA,NA
SB_City_Future_Projects,Santa Barbara City,"Aug 2, 2022",38.7545390465,,Bel Air,NA,NA,NA
SB_City_Future_Projects,Santa Barbara City,"Aug 2, 2022",9.33881410942,,Calle de los Amigos,NA,NA,NA
SB_City_Future_Projects,Santa Barbara City,"Aug 2, 2022",22.4358725613,,Senda Verde,NA,NA,NA
SB_City_Future_Projects,Santa Barbara City,"Aug 2, 2022",15.3102904151,,Community Fuels Treatment Network,NA,NA,NA
SB_City_Future_Projects,Santa Barbara City,"Aug 2, 2022",121.801814075,,Community Fuels Treatment Network,NA,NA,NA
SB_City_Future_Projects,Santa Barbara City,"Aug 2, 2022",17.9717589788,,Community Fuels Treatment Network,NA,NA,NA
SB_City_Completed_Veg_Projects,Santa Barbara City,"Jul 12, 2022",12.435455537,,Westmont/Las Barancas VMU,Hand Cut and Chip,Dec 2012,1/2-2/3 Native/NN
SB_City_Completed_Veg_Projects,Santa Barbara City,"Jul 12, 2022",6.89651582717,,Coyote Circle VMU,Hand Cut and Chip,Dec 2012,1/2-2/3 Native/NN
SB_City_Completed_Veg_Projects,Santa Barbara City,"Jul 12, 2022",1.78947156674,,Mtn Drive Realignment,Goats/Hand Cut and Chip,FY2009,Grasses and 1/3 Native removal annualy
SB_City_Completed_Veg_Projects,Santa Barbara City,"Jul 12, 2022",9.26158795269,,St. Mary's VMU (CFTN FY2009),Hand Cut and Chip,Feb 2015,1/3-2/3 Native/NN
SB_City_Completed_Veg_Projects,Santa Barbara City,"Jul 12, 2022",7.89836477425,,Jimeno/Garcia (FY2008),Goats,FY2008,Grasses
SB_City_Completed_Veg_Projects,Santa Barbara City,"Jul 12, 2022",8.0346302214,,Vans Meadow,Hand Cut and Chip,Feb 2009,1/3-2/3 Native/NN
SB_City_Completed_Veg_Projects,Santa Barbara City,"Jul 12, 2022",18.3978384837,,North Ontare VMU (CFTN FY2011),Handcut and Chip/Lop and Scatter/Pile burning,Sept 2010,1/3-2/3 Native/NN
SB_City_Completed_Veg_Projects,Santa Barbara City,"Jul 12, 2022",15.2873182562,,Alston Place VMU,Hand Cut and Chip/Lop and Scatter,Feb 2014,1/3-1/2 Non-Native
SB_City_Completed_Veg_Projects,Santa Barbara City,"Jul 12, 2022",7.59246947964,,Coyote Rd VMU,Hand Cut and Chip,Dec 2012,1/2-2/3 Native/NN
SB_City_Completed_Veg_Projects,Santa Barbara City,"Jul 12, 2022",32.9607961306,,Eucalyptus Hill VMU,Handcut and Chip/Tree Removal,Dec 2012,1/2-2/3 Non-Native/Eucalyptus removal
SB_City_Completed_Veg_Projects,Santa Barbara City,"Jul 12, 2022",4.83130621889,,St. Mary's VMU (CFTN FY2015),Hand Cut and Chip,Feb 2015,1/4 Native and 100% dead
SB_City_Completed_Veg_Projects,Santa Barbara City,"Jul 12, 2022",5.88481603249,,St. Mary's VMU (CFTN FY2020),Hand Cut and Chip,Jan 2020,2/3 Native amd 100% dead
SB_City_Completed_Veg_Projects,Santa Barbara City,"Jul 12, 2022",1.71960616626,,Garcia/Ferrelo VMU,Hand Cut and Chip,Jan 2017,"100% Non-native & dead; 1/3 native"
SB_City_Completed_Veg_Projects,Santa Barbara City,"Jul 12, 2022",17.8278672555,,Hillcrest VMU,Hand Cut and Chip,Feb 2012,1/2-2/3 Native/NN
SB_City_Completed_Veg_Projects,Santa Barbara City,"Jul 12, 2022",4.95638149529,,Jimeno/Garcia VMU (FY2014),Hand Cut and Chip,Nov 2014,2/3 Non-Native
SB_City_Completed_Veg_Projects,Santa Barbara City,"Jul 12, 2022",4.69399485136,,Jimeno/Garcia VMU (FY2015),Hand Cut and Chip,Dec 2015,2/3 Non-Native
SB_City_Completed_Veg_Projects,Santa Barbara City,"Jul 12, 2022",4.91867922621,,Las Canoas VMU (FY2018),Hand Cut and Chip,Nov 2017,"1/3-2/3 Native; 100% Dead Removal"
SB_City_Completed_Veg_Projects,Santa Barbara City,"Jul 12, 2022",26.9175465873,,Las Tunas VMU,Hand Cut and Chip,Feb 2012,1/3-1/2 Native/NN
SB_City_Completed_Veg_Projects,Santa Barbara City,"Jul 12, 2022",8.32434649494,,St. Mary's VMU (CFTN FY2019),Hand Cut and Chip,March 2019,2/3 Native amd 100% dead
SB_City_Completed_Veg_Projects,Santa Barbara City,"Jul 12, 2022",8.1812528866,,North Ontare VMU (CFTN FY2018),Hand Cut and Chip,Nov 2018,2/3 Native amd 100% dead
SB_City_Completed_Veg_Projects,Santa Barbara City,"Jul 12, 2022",2.41784277977,,Station 7,Hand Cut and Chip,Annualy,Grasses and 1/4 Native removal annualy
SB_City_Completed_Veg_Projects,Santa Barbara City,"Jul 12, 2022",0.473384767696,,Parma Park,Hand Cut and Chip,June 2017,Grasses and 1/4 Native
SB_City_Completed_Veg_Projects,Santa Barbara City,"Jul 12, 2022",0.673940150769,,West Mountain,Hand Cut and Chip,Annually,Grasses and 1/3 Native removal annualy
SB_City_Completed_Veg_Projects,Santa Barbara City,"Jul 12, 2022",1.50885502916,,Stevens Park,Hand Cut and Chip,June 2017,"100% dead, grasses, and 1/3 Native/NN"
SB_City_Completed_Veg_Projects,Santa Barbara City,"Jul 12, 2022",9.18206776207,,Las Canoas VMU (FY2011),Hand Cut and Chip/Lop and Scatter,March 2011,1/3-2/3 Native/NN
SB_City_Completed_Veg_Projects,Santa Barbara City,"Jul 12, 2022",6.95411338053,,Las Canoas VMU (FY2021),Sheep and Goats used to graze,Oct 2020,1/2-2/3 Native
SB_City_Completed_Veg_Projects,Santa Barbara City,"Jul 12, 2022",4.62632942065,,Vans Meadow (CFTN FY2021),Hand Cut and Chip,Jan 2022,1/3-2/3 Native/NN
SB_City_Completed_Veg_Projects,Santa Barbara City,"Jul 12, 2022",2.91334284347,,965 W Mountain Rd,Hand Cut and Chip,Feb 2022,1/2-2/3 Native/NN
Fuel_Treatment_Polygons_20220523,Santa Barbara County,"Jul 6, 2022",324.552721139961,,Lompoc Valley Fuel Reduction,Fuel Reduction,NA,NA
Fuel_Treatment_Polygons_20220523,Santa Barbara County,"Jul 6, 2022",111.740391969283,,Lompoc Valley Fuel Reduction,Fuel Reduction,NA,NA
Fuel_Treatment_Polygons_20220523,Santa Barbara County,"Jul 6, 2022",124.111582905476,,Lompoc Valley Fuel Reduction,Fuel Reduction,NA,NA
Fuel_Treatment_Polygons_20220523,Santa Barbara County,"Jul 6, 2022",1476.82220210102,,Lompoc Valley Fuel Reduction,Fuel Reduction,NA,NA
Fuel_Treatment_Polygons_20220523,Santa Barbara County,"Jul 6, 2022",319.611586807875,,Lompoc Valley Fuel Reduction,Fuel Reduction,NA,NA
Fuel_Treatment_Polygons_20220523,Santa Barbara County,"Jul 6, 2022",7.70056276000992,,Lompoc Valley Fuel Reduction,Fuel Reduction,NA,NA
Fuel_Treatment_Polygons_20220523,Santa Barbara County,"Jul 6, 2022",28.0785892155877,,Tecolote Creek Fuel Reduction,Fuel Reduction,NA,NA
Fuel_Treatment_Polygons_20220523,Santa Barbara County,"Jul 6, 2022",171.323256339918,,Cachuma Fuel Reduction Treatment,Fuel Reduction,NA,NA
Fuel_Treatment_Polygons_20220523,Santa Barbara County,"Jul 6, 2022",36.0318208434142,,Figueroa Mountain Road,Roadside Maintenance,NA,NA
Fuel_Treatment_Polygons_20220523,Santa Barbara County,"Jul 6, 2022",29.8876182772105,,Alisal Road,Roadside Maintenance,NA,NA
Fuel_Treatment_Polygons_20220523,Santa Barbara County,"Jul 6, 2022",27.471884571534,,Painted Cave Roadside Maintenance,Roadside Maintenance,NA,NA
Fuel_Treatment_Polygons_20220523,Santa Barbara County,"Jul 6, 2022",92.2086709665376,,Refugio Road,Roadside Maintenance,NA,NA
Fuel_Treatment_Polygons_20220523,Santa Barbara County,"Jul 6, 2022",853.683202018556,,Santa Maria Canyon VMP,Fuel Reduction,NA,NA
Fuel_Treatment_Polygons_20220523,Santa Barbara County,"Jul 6, 2022",45.26591246149,,Santa Maria Canyon VMP,Fuel Reduction,NA,NA
Fuel_Treatment_Polygons_20220523,Santa Barbara County,"Jul 6, 2022",2.8471465505006,,Trout Club CDS,Fuel Reduction,NA,NA
Fuel_Treatment_Polygons_20220523,Santa Barbara County,"Jul 6, 2022",2.41298963336922,,Trout Club CDS,Fuel Reduction,NA,NA
Fuel_Treatment_Polygons_20220523,Santa Barbara County,"Jul 6, 2022",1.1222772160288,,Trout Club CDS,Fuel Reduction,NA,NA
Fuel_Treatment_Polygons_20220523,Santa Barbara County,"Jul 6, 2022",10.2380794505586,,Trout Club CDS,Fuel Reduction,NA,NA
Fuel_Treatment_Polygons_20220523,Santa Barbara County,"Jul 6, 2022",17.1050733219932,,Trout Club CDS,Fuel Reduction,NA,NA
Fuel_Treatment_Polygons_20220523,Santa Barbara County,"Jul 6, 2022",43.9969531423122,,San Marcos Pass Fuel Reduction,Fuel Reduction,NA,NA
Fuel_Treatment_Polygons_20220523,Santa Barbara County,"Jul 6, 2022",37.5672881612889,,Live Oak Fuel Reduction,Fuel Reduction,NA,NA
Fuel_Treatment_Polygons_20220523,Santa Barbara County,"Jul 6, 2022",7.79106535514589,,Live Oak Fuel Reduction,Fuel Reduction,NA,NA
Fuel_Treatment_Polygons_20220523,Santa Barbara County,"Jul 6, 2022",7.87766645541174,,Santa Barbara County Facilities,Fuel Reduction,NA,NA
Fuel_Treatment_Polygons_20220523,Santa Barbara County,"Jul 6, 2022",222.846058518409,,Rancho Alegre Hazardous Tree Mortality,Fuel Reduction,NA,NA
Fuel_Treatment_Polygons_20220523,Santa Barbara County,"Jul 6, 2022",389.67028851534,,SBC Western Front Country Fuel Break,Fuel Reduction,NA,NA
Fuel_Treatment_Polygons_20220523,Santa Barbara County,"Jul 6, 2022",16.9455511416485,,Ballard Canyon VMP,Fuel Reduction,NA,NA
Fuel_Treatment_Polygons_20220523,Santa Barbara County,"Jul 6, 2022",25.7475876787599,,Ballard Canyon VMP,Fuel Reduction,NA,NA
Fuel_Treatment_Polygons_20220523,Santa Barbara County,"Jul 6, 2022",50.5125160635913,,Ballard Canyon VMP,Fuel Reduction,NA,NA
Fuel_Treatment_Polygons_20220523,Santa Barbara County,"Jul 6, 2022",27.1931656126305,,Ballard Canyon VMP,Fuel Reduction,NA,NA
Fuel_Treatment_Polygons_20220523,Santa Barbara County,"Jul 6, 2022",12.2389221104587,,Ballard Canyon VMP,Fuel Reduction,NA,NA
Fuel_Treatment_Polygons_20220523,Santa Barbara County,"Jul 6, 2022",18.7434305245032,,Ballard Canyon VMP,Fuel Reduction,NA,NA
Fuel_Treatment_Polygons_20220523,Santa Barbara County,"Jul 6, 2022",11.3069374904654,,Ballard Canyon VMP,Fuel Reduction,NA,NA
Fuel_Treatment_Polygons_20220523,Santa Barbara County,"Jul 6, 2022",22.6944585955328,,Ballard Canyon VMP,Fuel Reduction,NA,NA
Fuel_Treatment_Polygons_20220523,Santa Barbara County,"Jul 6, 2022",33.9357530261212,,Ballard Canyon VMP,Fuel Reduction,NA,NA
Fuel_Treatment_Polygons_20220523,Santa Barbara County,"Jul 6, 2022",10.4947133350928,,Ballard Canyon VMP,Fuel Reduction,NA,NA
Fuel_Treatment_Polygons_20220523,Santa Barbara County,"Jul 6, 2022",19.6513331788135,,Ballard Canyon VMP,Fuel Reduction,NA,NA
Fuel_Treatment_Polygons_20220523,Santa Barbara County,"Jul 6, 2022",28.2909029930988,,Ballard Canyon VMP,Fuel Reduction,NA,NA
Fuel_Treatment_Polygons_20220523,Santa Barbara County,"Jul 6, 2022",64.3955187709282,,Ruiz Canyon VMP,Fuel Reduction,NA,NA
Fuel_Treatment_Polygons_20220523,Santa Barbara County,"Jul 6, 2022",62.1625845166729,,Ruiz Canyon VMP,Fuel Reduction,NA,NA
Fuel_Treatment_Polygons_20220523,Santa Barbara County,"Jul 6, 2022",8.62448897717074,,SB Foothill CDS Fuel Reduction,Fuel Reduction,NA,NA
Fuel_Treatment_Polygons_20220523,Santa Barbara County,"Jul 6, 2022",7.00774416319626,,SB Foothill CDS Fuel Reduction,Fuel Reduction,NA,NA
Fuel_Treatment_Polygons_20220523,Santa Barbara County,"Jul 6, 2022",2.74668321184819,,SB Foothill CDS Fuel Reduction,Fuel Reduction,NA,NA
Fuel_Treatment_Polygons_20220523,Santa Barbara County,"Jul 6, 2022",11.3007593880709,,SB Foothill CDS Fuel Reduction,Fuel Reduction,NA,NA
Fuel_Treatment_Polygons_20220523,Santa Barbara County,"Jul 6, 2022",2.15656702741714,,SB Foothill CDS Fuel Reduction,Fuel Reduction,NA,NA
Fuel_Treatment_Polygons_20220523,Santa Barbara County,"Jul 6, 2022",11.2555917499211,,SB Foothill CDS Roadside Clearance,Roadside Maintenance,NA,NA
Fuel_Treatment_Polygons_20220523,Santa Barbara County,"Jul 6, 2022",4.9174970865469,,SB Foothill CDS Roadside Clearance,Roadside Maintenance,NA,NA
Fuel_Treatment_Polygons_20220523,Santa Barbara County,"Jul 6, 2022",9.9452374546543,,SB Foothill CDS Roadside Clearance,Roadside Maintenance,NA,NA
Fuel_Treatment_Polygons_20220523,Santa Barbara County,"Jul 6, 2022",4.92843202544618,,SB Foothill CDS Roadside Clearance,Roadside Maintenance,NA,NA
Fuel_Treatment_Polygons_20220523,Santa Barbara County,"Jul 6, 2022",7.21001461870346,,SB Foothill CDS Roadside Clearance,Roadside Maintenance,NA,NA
Fuel_Treatment_Polygons_20220523,Santa Barbara County,"Jul 6, 2022",11.6490432294923,,Paradise/Stagecoach Road,Roadside Maintenance,NA,NA
Fuel_Treatment_Polygons_20220523,Santa Barbara County,"Jul 6, 2022",8.39901118101314,,Paradise/Stagecoach Road,Roadside Maintenance,NA,NA
Fuel_Treatment_Polygons_20220523,Santa Barbara County,"Jul 6, 2022",20.3079160568699,,Paradise/Stagecoach Road,Roadside Maintenance,NA,NA
Fuel_Treatment_Polygons_20220523,Santa Barbara County,"Jul 6, 2022",18.0514621692707,,Montecito Roadside Fuel Reduction,Roadside Maintenance,NA,NA
Fuel_Treatment_Polygons_20220523,Santa Barbara County,"Jul 6, 2022",6.37340985731866,,Montecito Roadside Fuel Reduction,Roadside Maintenance,NA,NA
Fuel_Treatment_Polygons_20220523,Santa Barbara County,"Jul 6, 2022",2.46937426052882,,Montecito Roadside Fuel Reduction,Roadside Maintenance,NA,NA
Fuel_Treatment_Polygons_20220523,Santa Barbara County,"Jul 6, 2022",8.69444353487538,,Montecito Roadside Fuel Reduction,Roadside Maintenance,NA,NA
Fuel_Treatment_Polygons_20220523,Santa Barbara County,"Jul 6, 2022",0.341151952970207,,Montecito Roadside Fuel Reduction,Roadside Maintenance,NA,NA
Fuel_Treatment_Polygons_20220523,Santa Barbara County,"Jul 6, 2022",0.564693513635516,,Montecito Roadside Fuel Reduction,Roadside Maintenance,NA,NA
Fuel_Treatment_Polygons_20220523,Santa Barbara County,"Jul 6, 2022",3.88631236565785,,Montecito Roadside Fuel Reduction,Roadside Maintenance,NA,NA
Fuel_Treatment_Polygons_20220523,Santa Barbara County,"Jul 6, 2022",2.54390760659639,,Montecito Roadside Fuel Reduction,Roadside Maintenance,NA,NA
Fuel_Treatment_Polygons_20220523,Santa Barbara County,"Jul 6, 2022",3.22867896504872,,Montecito Roadside Fuel Reduction,Roadside Maintenance,NA,NA
Fuel_Treatment_Polygons_20220523,Santa Barbara County,"Jul 6, 2022",2.04778692815348,,Montecito Roadside Fuel Reduction,Roadside Maintenance,NA,NA
Fuel_Treatment_Polygons_20220523,Santa Barbara County,"Jul 6, 2022",2.51981933810083,,Montecito Roadside Fuel Reduction,Roadside Maintenance,NA,NA
Fuel_Treatment_Polygons_20220523,Santa Barbara County,"Jul 6, 2022",6.99676510815243,,Montecito Roadside Fuel Reduction,Roadside Maintenance,NA,NA
Fuel_Treatment_Polygons_20220523,Santa Barbara County,"Jul 6, 2022",29.3103503197485,,Montecito Roadside Fuel Reduction,Roadside Maintenance,NA,NA
Fuel_Treatment_Polygons_20220523,Santa Barbara County,"Jul 6, 2022",16.2496045815665,,Montecito Fuel Reduction,Fuel Reduction,NA,NA
Fuel_Treatment_Polygons_20220523,Santa Barbara County,"Jul 6, 2022",0.511665643417022,,Montecito Fuel Reduction,Fuel Reduction,NA,NA
Fuel_Treatment_Polygons_20220523,Santa Barbara County,"Jul 6, 2022",2.26078102661875,,Montecito Fuel Reduction,Fuel Reduction,NA,NA
Fuel_Treatment_Polygons_20220523,Santa Barbara County,"Jul 6, 2022",1.28095163033299,,Montecito Fuel Reduction,Fuel Reduction,NA,NA
Fuel_Treatment_Polygons_20220523,Santa Barbara County,"Jul 6, 2022",5.33369028187069,,Montecito Fuel Reduction,Fuel Reduction,NA,NA
Fuel_Treatment_Polygons_20220523,Santa Barbara County,"Jul 6, 2022",2.15920104845207,,Montecito Fuel Reduction,Fuel Reduction,NA,NA
Fuel_Treatment_Polygons_20220523,Santa Barbara County,"Jul 6, 2022",1.15298324539696,,Montecito Fuel Reduction,Fuel Reduction,NA,NA
Fuel_Treatment_Polygons_20220523,Santa Barbara County,"Jul 6, 2022",3.57056887542587,,Montecito Fuel Reduction,Fuel Reduction,NA,NA
Fuel_Treatment_Polygons_20220523,Santa Barbara County,"Jul 6, 2022",8.18461206747676,,Montecito Fuel Reduction,Fuel Reduction,NA,NA
Fuel_Treatment_Polygons_20220523,Santa Barbara County,"Jul 6, 2022",2.60736938161653,,Montecito Fuel Reduction,Fuel Reduction,NA,NA
Fuel_Treatment_Polygons_20220523,Santa Barbara County,"Jul 6, 2022",7.39807400340588,,Montecito Fuel Reduction,Fuel Reduction,NA,NA
Fuel_Treatment_Polygons_20220523,Santa Barbara County,"Jul 6, 2022",1.14369734191009,,Montecito Fuel Reduction,Fuel Reduction,NA,NA
Fuel_Treatment_Polygons_20220523,Santa Barbara County,"Jul 6, 2022",0.219806164252265,,Montecito Fuel Reduction,Fuel Reduction,NA,NA
Fuel_Treatment_Polygons_20220523,Santa Barbara County,"Jul 6, 2022",4.2195529951899,,Montecito Fuel Reduction,Fuel Reduction,NA,NA
Fuel_Treatment_Polygons_20220523,Santa Barbara County,"Jul 6, 2022",1.14378740788316,,Montecito Fuel Reduction,Fuel Reduction,NA,NA
Fuel_Treatment_Polygons_20220523,Santa Barbara County,"Jul 6, 2022",0.70100655564669,,Montecito Fuel Reduction,Fuel Reduction,NA,NA
Fuel_Treatment_Polygons_20220523,Santa Barbara County,"Jul 6, 2022",0.242985857952668,,Montecito Fuel Reduction,Fuel Reduction,NA,NA
Fuel_Treatment_Polygons_20220523,Santa Barbara County,"Jul 6, 2022",1.79775150430522,,Montecito Fuel Reduction,Fuel Reduction,NA,NA
Fuel_Treatment_Polygons_20220523,Santa Barbara County,"Jul 6, 2022",0.27742965569374,,Montecito Fuel Reduction,Fuel Reduction,NA,NA
Fuel_Treatment_Polygons_20220523,Santa Barbara County,"Jul 6, 2022",1.0386135419719,,Montecito Fuel Reduction,Fuel Reduction,NA,NA
Fuel_Treatment_Polygons_20220523,Santa Barbara County,"Jul 6, 2022",0.876202572338003,,Montecito Fuel Reduction,Fuel Reduction,NA,NA
Fuel_Treatment_Polygons_20220523,Santa Barbara County,"Jul 6, 2022",0.576567218888943,,Montecito Fuel Reduction,Fuel Reduction,NA,NA
Fuel_Treatment_Polygons_20220523,Santa Barbara County,"Jul 6, 2022",3.98886476998329,,Montecito Fuel Reduction,Fuel Reduction,NA,NA
Fuel_Treatment_Polygons_20220523,Santa Barbara County,"Jul 6, 2022",4.30480254126895,,Montecito Fuel Reduction,Fuel Reduction,NA,NA
Fuel_Treatment_Polygons_20220523,Santa Barbara County,"Jul 6, 2022",1.38495306401488,,Montecito Fuel Reduction,Fuel Reduction,NA,NA
Fuel_Treatment_Polygons_20220523,Santa Barbara County,"Jul 6, 2022",1.33303134583281,,Montecito Fuel Reduction,Fuel Reduction,NA,NA
Fuel_Treatment_Polygons_20220523,Santa Barbara County,"Jul 6, 2022",3.85581105465348,,Montecito Fuel Reduction,Fuel Reduction,NA,NA
Fuel_Treatment_Polygons_20220523,Santa Barbara County,"Jul 6, 2022",0.518697545276476,,Montecito Fuel Reduction,Fuel Reduction,NA,NA
Fuel_Treatment_Polygons_20220523,Santa Barbara County,"Jul 6, 2022",0.361091503833104,,Montecito Fuel Reduction,Fuel Reduction,NA,NA
Fuel_Treatment_Polygons_20220523,Santa Barbara County,"Jul 6, 2022",4.1184371793253,,Montecito Fuel Reduction,Fuel Reduction,NA,NA
Fuel_Treatment_Polygons_20220523,Santa Barbara County,"Jul 6, 2022",6.59772313200028,,Montecito Fuel Reduction,Fuel Reduction,NA,NA
Fuel_Treatment_Polygons_20220523,Santa Barbara County,"Jul 6, 2022",1.47593536046422,,Montecito Fuel Reduction,Fuel Reduction,NA,NA
Fuel_Treatment_Polygons_20220523,Santa Barbara County,"Jul 6, 2022",2.25332644841989,,Montecito Fuel Reduction,Fuel Reduction,NA,NA
Fuel_Treatment_Polygons_20220523,Santa Barbara County,"Jul 6, 2022",1.38088687638617,,Montecito Fuel Reduction,Fuel Reduction,NA,NA
Fuel_Treatment_Polygons_20220523,Santa Barbara County,"Jul 6, 2022",0.412501245688301,,Montecito Fuel Reduction,Fuel Reduction,NA,NA
Fuel_Treatment_Polygons_20220523,Santa Barbara County,"Jul 6, 2022",0.991070440650731,,Montecito Fuel Reduction,Fuel Reduction,NA,NA
Fuel_Treatment_Polygons_20220523,Santa Barbara County,"Jul 6, 2022",0.378239673591998,,Montecito Fuel Reduction,Fuel Reduction,NA,NA
Fuel_Treatment_Polygons_20220523,Santa Barbara County,"Jul 6, 2022",0.265397605000448,,Montecito Fuel Reduction,Fuel Reduction,NA,NA
Fuel_Treatment_Polygons_20220523,Santa Barbara County,"Jul 6, 2022",1.65843365325148,,Montecito Fuel Reduction,Fuel Reduction,NA,NA
Fuel_Treatment_Polygons_20220523,Santa Barbara County,"Jul 6, 2022",5.7495331701745,,Montecito Fuel Reduction,Fuel Reduction,NA,NA
Fuel_Treatment_Polygons_20220523,Santa Barbara County,"Jul 6, 2022",0.515204366392309,,Montecito Fuel Reduction,Fuel Reduction,NA,NA
Fuel_Treatment_Polygons_20220523,Santa Barbara County,"Jul 6, 2022",0.680843537593295,,Montecito Fuel Reduction,Fuel Reduction,NA,NA
Fuel_Treatment_Polygons_20220523,Santa Barbara County,"Jul 6, 2022",1.11579137533077,,Montecito Fuel Reduction,Fuel Reduction,NA,NA
Fuel_Treatment_Polygons_20220523,Santa Barbara County,"Jul 6, 2022",1.83405054657666,,Montecito Fuel Reduction,Fuel Reduction,NA,NA
Fuel_Treatment_Polygons_20220523,Santa Barbara County,"Jul 6, 2022",0.998211815351996,,Montecito Fuel Reduction,Fuel Reduction,NA,NA
Fuel_Treatment_Polygons_20220523,Santa Barbara County,"Jul 6, 2022",0.450931452039269,,Montecito Fuel Reduction,Fuel Reduction,NA,NA
Fuel_Treatment_Polygons_20220523,Santa Barbara County,"Jul 6, 2022",1.10557737613783,,Montecito Fuel Reduction,Fuel Reduction,NA,NA
Fuel_Treatment_Polygons_20220523,Santa Barbara County,"Jul 6, 2022",1.68485623271384,,Montecito Fuel Reduction,Fuel Reduction,NA,NA
Fuel_Treatment_Polygons_20220523,Santa Barbara County,"Jul 6, 2022",0.995671003113582,,Montecito Fuel Reduction,Fuel Reduction,NA,NA
Fuel_Treatment_Polygons_20220523,Santa Barbara County,"Jul 6, 2022",0.382513366630442,,Montecito Fuel Reduction,Fuel Reduction,NA,NA
Fuel_Treatment_Polygons_20220523,Santa Barbara County,"Jul 6, 2022",0.787335170090669,,Montecito Fuel Reduction,Fuel Reduction,NA,NA
Fuel_Treatment_Polygons_20220523,Santa Barbara County,"Jul 6, 2022",3.94556959878252,,Montecito Fuel Reduction,Fuel Reduction,NA,NA
Fuel_Treatment_Polygons_20220523,Santa Barbara County,"Jul 6, 2022",2.20473397336846,,Montecito Fuel Reduction,Fuel Reduction,NA,NA
Fuel_Treatment_Polygons_20220523,Santa Barbara County,"Jul 6, 2022",0.625781755984706,,Montecito Fuel Reduction,Fuel Reduction,NA,NA
Fuel_Treatment_Polygons_20220523,Santa Barbara County,"Jul 6, 2022",1.72929514807159,,Montecito Fuel Reduction,Fuel Reduction,NA,NA
Fuel_Treatment_Polygons_20220523,Santa Barbara County,"Jul 6, 2022",8.37498915101139,,Lompoc Valley Roadside Maintenance,Roadside Maintenance,NA,NA
Fuel_Treatment_Polygons_20220523,Santa Barbara County,"Jul 6, 2022",16.1142307032917,,Lompoc Valley Roadside Maintenance,Roadside Maintenance,NA,NA
Fuel_Treatment_Polygons_20220523,Santa Barbara County,"Jul 6, 2022",101.675417869435,,Lompoc Valley Roadside Maintenance,Roadside Maintenance,NA,NA
Fuel_Treatment_Polygons_20220523,Santa Barbara County,"Jul 6, 2022",3.02197069591501,,Painted Cave Fuel Reduction,Fuel Reduction,NA,NA
Fuel_Treatment_Polygons_20220523,Santa Barbara County,"Jul 6, 2022",7.71434788502653,,Painted Cave Fuel Reduction,Fuel Reduction,NA,NA
Fuel_Treatment_Polygons_20220523,Santa Barbara County,"Jul 6, 2022",6.59591702630597,,Painted Cave Fuel Reduction,Fuel Reduction,NA,NA
Fuel_Treatment_Polygons_20220523,Santa Barbara County,"Jul 6, 2022",8.47587952506751,,Painted Cave Fuel Reduction,Fuel Reduction,NA,NA
Fuel_Treatment_Polygons_20220523,Santa Barbara County,"Jul 6, 2022",2.58248326139319,,Painted Cave Fuel Reduction,Fuel Reduction,NA,NA
Fuel_Treatment_Polygons_20220523,Santa Barbara County,"Jul 6, 2022",12.3878729927128,,Painted Cave Fuel Reduction,Fuel Reduction,NA,NA
Fuel_Treatment_Polygons_20220523,Santa Barbara County,"Jul 6, 2022",2.07484417593727,,Painted Cave Fuel Reduction,Fuel Reduction,NA,NA
Fuel_Treatment_Polygons_20220523,Santa Barbara County,"Jul 6, 2022",8.43977409775535,,Painted Cave Fuel Reduction,Fuel Reduction,NA,NA
Fuel_Treatment_Polygons_20220523,Santa Barbara County,"Jul 6, 2022",4.64101022218288,,Painted Cave Fuel Reduction,Fuel Reduction,NA,NA
Fuel_Treatment_Polygons_20220523,Santa Barbara County,"Jul 6, 2022",4.1096409881387,,Painted Cave Fuel Reduction,Fuel Reduction,NA,NA
Fuel_Treatment_Polygons_20220523,Santa Barbara County,"Jul 6, 2022",6.89973634933769,,San Antonio Creek Fuel Reduction,Fuel Reduction,NA,NA
Fuel_Treatment_Polygons_20220523,Santa Barbara County,"Jul 6, 2022",6.01813965854717,,San Antonio Creek Fuel Reduction,Fuel Reduction,NA,NA
Fuel_Treatment_Polygons_20220523,Santa Barbara County,"Jul 6, 2022",4.6381626085315,,San Antonio Creek Fuel Reduction,Fuel Reduction,NA,NA
Fuel_Treatment_Polygons_20220523,Santa Barbara County,"Jul 6, 2022",2.96613357774654,,San Antonio Creek Fuel Reduction,Fuel Reduction,NA,NA
Fuel_Treatment_Polygons_20220523,Santa Barbara County,"Jul 6, 2022",8.98300083227245,,San Antonio Creek Fuel Reduction,Fuel Reduction,NA,NA
Fuel_Treatment_Polygons_20220523,Santa Barbara County,"Jul 6, 2022",0.363189827176989,,Santa Barbara City Fuel Reduction,Fuel Reduction,NA,NA
Fuel_Treatment_Polygons_20220523,Santa Barbara County,"Jul 6, 2022",3.93883199518537,,Santa Barbara City Fuel Reduction,Fuel Reduction,NA,NA
Fuel_Treatment_Polygons_20220523,Santa Barbara County,"Jul 6, 2022",8.95969087209067,,Santa Barbara City Fuel Reduction,Fuel Reduction,NA,NA
Fuel_Treatment_Polygons_20220523,Santa Barbara County,"Jul 6, 2022",4.51327879721458,,Santa Barbara City Fuel Reduction,Fuel Reduction,NA,NA
Fuel_Treatment_Polygons_20220523,Santa Barbara County,"Jul 6, 2022",0.624428411854542,,Santa Barbara City Fuel Reduction,Fuel Reduction,NA,NA
Fuel_Treatment_Polygons_20220523,Santa Barbara County,"Jul 6, 2022",5.5004579510231,,Santa Barbara City Fuel Reduction,Fuel Reduction,NA,NA
Fuel_Treatment_Polygons_20220523,Santa Barbara County,"Jul 6, 2022",4.76697704690452,,Santa Barbara City Fuel Reduction,Fuel Reduction,NA,NA
Fuel_Treatment_Polygons_20220523,Santa Barbara County,"Jul 6, 2022",0.410769671865019,,Santa Barbara City Fuel Reduction,Fuel Reduction,NA,NA
Fuel_Treatment_Polygons_20220523,Santa Barbara County,"Jul 6, 2022",3.5969354200874,,Santa Barbara City Fuel Reduction,Fuel Reduction,NA,NA
Fuel_Treatment_Polygons_20220523,Santa Barbara County,"Jul 6, 2022",33.047600765264,,Righetti Range Improvement,Fuel Reduction,NA,NA
Fuel_Treatment_Polygons_20220523,Santa Barbara County,"Jul 6, 2022",8.23952567814345,,Righetti Range Improvement,Fuel Reduction,NA,NA
Fuel_Treatment_Polygons_20220523,Santa Barbara County,"Jul 6, 2022",23.4103438735077,,Righetti Range Improvement,Fuel Reduction,NA,NA
Fuel_Treatment_Polygons_20220523,Santa Barbara County,"Jul 6, 2022",98.5828154980283,,Righetti Range Improvement,Fuel Reduction,NA,NA
Fuel_Treatment_Polygons_20220523,Santa Barbara County,"Jul 6, 2022",299.765519148667,,Righetti Range Improvement,Fuel Reduction,NA,NA
Fuel_Treatment_Polygons_20220523,Santa Barbara County,"Jul 6, 2022",6.91825607378327,,San Roque Fuel Reduction Project,Fuel Reduction,NA,NA
Fuel_Treatment_Polygons_20220523,Santa Barbara County,"Jul 6, 2022",5.63760886447123,,San Roque Fuel Reduction Project,Fuel Reduction,NA,NA
Fuel_Treatment_Polygons_20220523,Santa Barbara County,"Jul 6, 2022",9.81497092750785,,San Roque Fuel Reduction Project,Fuel Reduction,NA,NA
Fuel_Treatment_Polygons_20220523,Santa Barbara County,"Jul 6, 2022",271.338766141424,,La Purisma State Park VMP,Burn Plot,NA,NA
Fuel_Treatment_Polygons_20220523,Santa Barbara County,"Jul 6, 2022",91.1374009514784,,La Purisma State Park VMP,Burn Plot,NA,NA
Fuel_Treatment_Polygons_20220523,Santa Barbara County,"Jul 6, 2022",7.7005669127433,,La Purisma State Park VMP,Burn Plot,NA,NA
Fuel_Treatment_Polygons_20220523,Santa Barbara County,"Jul 6, 2022",34.77154653925,,La Purisma State Park VMP,Burn Plot,NA,NA
Fuel_Treatment_Polygons_20220523,Santa Barbara County,"Jul 6, 2022",44.0048091578593,,La Purisma State Park VMP,Burn Plot,NA,NA
Fuel_Treatment_Polygons_20220523,Santa Barbara County,"Jul 6, 2022",32.738229007688,,La Purisma State Park VMP,Burn Plot,NA,NA
Fuel_Treatment_Polygons_20220523,Santa Barbara County,"Jul 6, 2022",26.232649180868,,La Purisma State Park VMP,Burn Plot,NA,NA
Fuel_Treatment_Polygons_20220523,Santa Barbara County,"Jul 6, 2022",23.3964759049124,,La Purisma State Park VMP,Burn Plot,NA,NA
Fuel_Treatment_Polygons_20220523,Santa Barbara County,"Jul 6, 2022",101.013567876719,,La Purisma State Park VMP,Burn Plot,NA,NA
Fuel_Treatment_Polygons_20220523,Santa Barbara County,"Jul 6, 2022",57.4543694545391,,La Purisma State Park VMP,Burn Plot,NA,NA
Fuel_Treatment_Polygons_20220523,Santa Barbara County,"Jul 6, 2022",7.97448753042889,,La Purisma State Park VMP,Burn Plot,NA,NA
Fuel_Treatment_Polygons_20220523,Santa Barbara County,"Jul 6, 2022",5.49989387557025,,La Purisma State Park VMP,Burn Plot,NA,NA
Fuel_Treatment_Polygons_20220523,Santa Barbara County,"Jul 6, 2022",56.3087849483573,,Tepusquet Fuel Treatment,Fuel Treatment,NA,NA
Fuel_Treatment_Polygons_20220523,Santa Barbara County,"Jul 6, 2022",1.4638167412997,,Tepusquet Fuel Treatment,Chipper Parcels,NA,NA
Fuel_Treatment_Polygons_20220523,Santa Barbara County,"Jul 6, 2022",2.90299159609592,,Completed Burton Mesa Fuel Reduction,Fuel Treatment,NA,NA
Fuel_Treatment_Polygons_20220523,Santa Barbara County,"Jul 6, 2022",0.129806934630742,,Completed Burton Mesa Fuel Reduction,Fuel Treatment,NA,NA
Fuel_Treatment_Polygons_20220523,Santa Barbara County,"Jul 6, 2022",3.20506150206171,,Completed Burton Mesa Fuel Reduction,Fuel Treatment,NA,NA
Fuel_Treatment_Polygons_20220523,Santa Barbara County,"Jul 6, 2022",0.176549533279638,,Completed Burton Mesa Fuel Reduction,Fuel Treatment,NA,NA
Fuel_Treatment_Polygons_20220523,Santa Barbara County,"Jul 6, 2022",0.086566795696678,,Completed Burton Mesa Fuel Reduction,Fuel Treatment,NA,NA
Fuel_Treatment_Polygons_20220523,Santa Barbara County,"Jul 6, 2022",0.145153079649266,,Completed Burton Mesa Fuel Reduction,Fuel Treatment,NA,NA
Fuel_Treatment_Polygons_20220523,Santa Barbara County,"Jul 6, 2022",0.094575407981474,,Completed Burton Mesa Fuel Reduction,Fuel Treatment,NA,NA
Fuel_Treatment_Polygons_20220523,Santa Barbara County,"Jul 6, 2022",3.06374319134394,,Completed Burton Mesa Fuel Reduction,Fuel Treatment,NA,NA
Fuel_Treatment_Polygons_20220523,Santa Barbara County,"Jul 6, 2022",0.211179626379329,,Completed Burton Mesa Fuel Reduction,Fuel Treatment,NA,NA
Fuel_Treatment_Polygons_20220523,Santa Barbara County,"Jul 6, 2022",171.323256339918,,Burton Mesa Fuel Reduction,Fuel Treatment,NA,NA
Fuel_Treatment_Polygons_20220523,Santa Barbara County,"Jul 6, 2022",2.97751492206205,,Burton Mesa Fuel Reduction,Fuel Treatment,NA,NA
Fuel_Treatment_Polygons_20220523,Santa Barbara County,"Jul 6, 2022",12.9336836099149,,Burton Mesa Fuel Reduction,Fuel Treatment,NA,NA
Fuel_Treatment_Polygons_20220523,Santa Barbara County,"Jul 6, 2022",2.04531533996601,,Burton Mesa Fuel Reduction,Fuel Treatment,NA,NA
Fuel_Treatment_Polygons_20220523,Santa Barbara County,"Jul 6, 2022",1.46243879591442,,Burton Mesa Fuel Reduction,Fuel Treatment,NA,NA
Fuel_Treatment_Polygons_20220523,Santa Barbara County,"Jul 6, 2022",1.22236462360683,,Burton Mesa Fuel Reduction,Fuel Treatment,NA,NA
Fuel_Treatment_Polygons_20220523,Santa Barbara County,"Jul 6, 2022",3.98890322082661,,Burton Mesa Fuel Reduction,Fuel Treatment,NA,NA
Fuel_Treatment_Polygons_20220523,Santa Barbara County,"Jul 6, 2022",1.46435057537431,,Burton Mesa Fuel Reduction,Fuel Treatment,NA,NA
Fuel_Treatment_Polygons_20220523,Santa Barbara County,"Jul 6, 2022",0.573626996183293,,Burton Mesa Fuel Reduction,Fuel Treatment,NA,NA
Fuel_Treatment_Polygons_20220523,Santa Barbara County,"Jul 6, 2022",1.75069165898987,,Burton Mesa Fuel Reduction,Fuel Treatment,NA,NA
Fuel_Treatment_Polygons_20220523,Santa Barbara County,"Jul 6, 2022",1.40249952727276,,Burton Mesa Fuel Reduction,Fuel Treatment,NA,NA
Fuel_Treatment_Polygons_20220523,Santa Barbara County,"Jul 6, 2022",5.67124147609203,,Burton Mesa Fuel Reduction,Fuel Treatment,NA,NA
Fuel_Treatment_Polygons_20220523,Santa Barbara County,"Jul 6, 2022",3.30238382643589,,Burton Mesa Fuel Reduction,Fuel Treatment,NA,NA
Fuel_Treatment_Polygons_20220523,Santa Barbara County,"Jul 6, 2022",1.97839389548673,,Burton Mesa Fuel Reduction,Fuel Treatment,NA,NA
Fuel_Treatment_Polygons_20220523,Santa Barbara County,"Jul 6, 2022",210.404076049822,,,Neighborhood Chipping,NA,NA
Fuel_Treatment_Polygons_20220523,Santa Barbara County,"Jul 6, 2022",351.868723976006,,,Neighborhood Chipping,NA,NA
Fuel_Treatment_Polygons_20220523,Santa Barbara County,"Jul 6, 2022",97.8994409362684,,,Neighborhood Chipping,NA,NA
Fuel_Treatment_Polygons_20220523,Santa Barbara County,"Jul 6, 2022",87.562738856585,,,Neighborhood Chipping,NA,NA
Fuel_Treatment_Polygons_20220523,Santa Barbara County,"Jul 6, 2022",39.455057075506,,,Neighborhood Chipping,NA,NA
Fuel_Treatment_Polygons_20220523,Santa Barbara County,"Jul 6, 2022",454.608931602185,,,Neighborhood Chipping,NA,NA
Fuel_Treatment_Polygons_20220523,Santa Barbara County,"Jul 6, 2022",149.699624064517,,,Neighborhood Chipping,NA,NA
Fuel_Treatment_Polygons_20220523,Santa Barbara County,"Jul 6, 2022",0.071754089728866,,CarpSummerland Neighborhood Fuel Reduction Grant,Fuel Reduction,NA,NA
Fuel_Treatment_Polygons_20220523,Santa Barbara County,"Jul 6, 2022",6.99145931859671,,CarpSummerland Neighborhood Fuel Reduction Grant,Fuel Reduction,NA,NA
Fuel_Treatment_Polygons_20220523,Santa Barbara County,"Jul 6, 2022",7.17338618214619,,CarpSummerland Neighborhood Fuel Reduction Grant,Fuel Reduction,NA,NA
Fuel_Treatment_Polygons_20220523,Santa Barbara County,"Jul 6, 2022",4.73783049934535,,CarpSummerland Neighborhood Fuel Reduction Grant,Fuel Reduction,NA,NA
Fuel_Treatment_Polygons_20220523,Santa Barbara County,"Jul 6, 2022",4.27742154619697,,CarpSummerland Neighborhood Fuel Reduction Grant,Fuel Reduction,NA,NA
Fuel_Treatment_Polygons_20220523,Santa Barbara County,"Jul 6, 2022",12.4440430009874,,CarpSummerland Neighborhood Fuel Reduction Grant,Fuel Reduction,NA,NA
Fuel_Treatment_Polygons_20220523,Santa Barbara County,"Jul 6, 2022",4.33612900306352,,CarpSummerland Neighborhood Fuel Reduction Grant,Fuel Reduction,NA,NA
Fuel_Treatment_Polygons_20220523,Santa Barbara County,"Jul 6, 2022",2.08336861882955,,CarpSummerland Neighborhood Fuel Reduction Grant,Fuel Reduction,NA,NA
Fuel_Treatment_Polygons_20220523,Santa Barbara County,"Jul 6, 2022",12.5842780332304,,CarpSummerland Neighborhood Fuel Reduction Grant,Fuel Reduction,NA,NA
Fuel_Treatment_Polygons_20220523,Santa Barbara County,"Jul 6, 2022",3.44894887670615,,CarpSummerland Neighborhood Fuel Reduction Grant,Fuel Reduction,NA,NA
Fuel_Treatment_Polygons_20220523,Santa Barbara County,"Jul 6, 2022",3.09201268427041,,CarpSummerland Neighborhood Fuel Reduction Grant,Fuel Reduction,NA,NA
Fuel_Treatment_Polygons_20220523,Santa Barbara County,"Jul 6, 2022",7.36954897796923,,CarpSummerland Neighborhood Fuel Reduction Grant,Fuel Reduction,NA,NA
Fuel_Treatment_Polygons_20220523,Santa Barbara County,"Jul 6, 2022",10.3616770860583,,CarpSummerland Neighborhood Fuel Reduction Grant,Fuel Reduction,NA,NA
Fuel_Treatment_Polygons_20220523,Santa Barbara County,"Jul 6, 2022",5.53880792748281,,CarpSummerland Neighborhood Fuel Reduction Grant,Fuel Reduction,NA,NA
Fuel_Treatment_Polygons_20220523,Santa Barbara County,"Jul 6, 2022",2.14481456183343,,CarpSummerland Neighborhood Fuel Reduction Grant,Fuel Reduction,NA,NA
Fuel_Treatment_Polygons_20220523,Santa Barbara County,"Jul 6, 2022",3.76346077658814,,CarpSummerland Neighborhood Fuel Reduction Grant,Fuel Reduction,NA,NA
Fuel_Treatment_Polygons_20220523,Santa Barbara County,"Jul 6, 2022",1.03712556605487,,CarpSummerland Neighborhood Fuel Reduction Grant,Fuel Reduction,NA,NA
Fuel_Treatment_Polygons_20220523,Santa Barbara County,"Jul 6, 2022",7.1478472351057,,CarpSummerland Neighborhood Fuel Reduction Grant,Fuel Reduction,NA,NA
Fuel_Treatment_Polygons_20220523,Santa Barbara County,"Jul 6, 2022",4.71929428557499,,CarpSummerland Neighborhood Fuel Reduction Grant,Fuel Reduction,NA,NA
Fuel_Treatment_Polygons_20220523,Santa Barbara County,"Jul 6, 2022",210.405283815693,,Carp Summerland Neighborhood Chipping Grant,Neighborhood Chipping,NA,NA
Fuel_Treatment_Polygons_20220523,Santa Barbara County,"Jul 6, 2022",351.870690296294,,Carp Summerland Neighborhood Chipping Grant,Neighborhood Chipping,NA,NA
Fuel_Treatment_Polygons_20220523,Santa Barbara County,"Jul 6, 2022",97.899988734112,,Carp Summerland Neighborhood Chipping Grant,Neighborhood Chipping,NA,NA
Fuel_Treatment_Polygons_20220523,Santa Barbara County,"Jul 6, 2022",87.5632365278878,,Carp Summerland Neighborhood Chipping Grant,Neighborhood Chipping,NA,NA
Fuel_Treatment_Polygons_20220523,Santa Barbara County,"Jul 6, 2022",39.4552513404628,,Carp Summerland Neighborhood Chipping Grant,Neighborhood Chipping,NA,NA
Fuel_Treatment_Polygons_20220523,Santa Barbara County,"Jul 6, 2022",454.609258746791,,Carp Summerland Neighborhood Chipping Grant,Neighborhood Chipping,NA,NA
Fuel_Treatment_Polygons_20220523,Santa Barbara County,"Jul 6, 2022",149.70051114873,,Carp Summerland Neighborhood Chipping Grant,Neighborhood Chipping,NA,NA
Fuel_Treatment_Polygons_20220523,Santa Barbara County,"Jul 6, 2022",8.23349877129,,San Antonio Creek Fuel Reduction,Fuel Treatment,NA,NA
Fuel_Treatment_Polygons_20220523,Santa Barbara County,"Jul 6, 2022",1.64544456191,,San Antonio Creek Fuel Reduction,Fuel Treatment,NA,NA
Fuel_Treatment_Polygons_20220523,Santa Barbara County,"Jul 6, 2022",8.12910994019,,San Antonio Creek Fuel Reduction,Fuel Treatment,NA,NA
Fuel_Treatment_Polygons_20220523,Santa Barbara County,"Jul 6, 2022",3.69054797519,,San Antonio Creek Fuel Reduction,Fuel Treatment,NA,NA
Fuel_Treatment_Polygons_20220523,Santa Barbara County,"Jul 6, 2022",3.41828183752,,San Antonio Creek Fuel Reduction,Fuel Treatment,NA,NA
Fuel_Treatment_Polygons_20220523,Santa Barbara County,"Jul 6, 2022",3.8750059856,,San Antonio Creek Fuel Reduction,Fuel Treatment,NA,NA
Fuel_Treatment_Polygons_20220523,Santa Barbara County,"Jul 6, 2022",5.58925900370337,,San Marcos Pass Fuel Reduction,Fuel Reduction,NA,NA
Fuel_Treatment_Polygons_20220523,Santa Barbara County,"Jul 6, 2022",24.4898017800809,,San Marcos Pass Fuel Reduction,Fuel Reduction,NA,NA
Fuel_Treatment_Polygons_20220523,Santa Barbara County,"Jul 6, 2022",8.05455858301208,,San Marcos Pass Fuel Reduction,Fuel Reduction,NA,NA
Fuel_Treatment_Polygons_20220523,Santa Barbara County,"Jul 6, 2022",25.152262738,,San Marcos Pass Fuel Reduction,Fuel Reduction,NA,NA
Fuel_Treatment_Polygons_20220523,Santa Barbara County,"Jul 6, 2022",41.5014222731,,San Marcos Pass Fuel Reduction,Fuel Reduction,NA,NA
Fuel_Treatment_Polygons_20220523,Santa Barbara County,"Jul 6, 2022",28.875346248285,,Painted Cave Roadside Maintenance,Roadside Maintenance,NA,NA
Fuel_Treatment_Polygons_20220523,Santa Barbara County,"Jul 6, 2022",1.87328951336008,,Bar M Ranch VMP,Fuel Reduction,NA,NA
Fuel_Treatment_Polygons_20220523,Santa Barbara County,"Jul 6, 2022",9.98532990371529,,Bar M Ranch VMP,Fuel Reduction,NA,NA
Fuel_Treatment_Polygons_20220523,Santa Barbara County,"Jul 6, 2022",29.607349301995,,Bar M Ranch VMP,Fuel Reduction,NA,NA
Fuel_Treatment_Polygons_20220523,Santa Barbara County,"Jul 6, 2022",108.129369097427,,Bar M Ranch VMP,Fuel Reduction,NA,NA
Fuel_Treatment_Polygons_20220523,Santa Barbara County,"Jul 6, 2022",81.4884891815139,,Bar M Ranch VMP,Fuel Reduction,NA,NA
Fuel_Treatment_Polygons_20220523,Santa Barbara County,"Jul 6, 2022",98.7565037439267,,Bar M Ranch VMP,Fuel Reduction,NA,NA
Fuel_Treatment_Polygons_20220523,Santa Barbara County,"Jul 6, 2022",118.609328840246,,Bar M Ranch VMP,Fuel Reduction,NA,NA
Fuel_Treatment_Polygons_20220523,Santa Barbara County,"Jul 6, 2022",165.519891523848,,Spaulding/ Midland VMP Project,Burn Plot,NA,NA
Fuel_Treatment_Polygons_20220523,Santa Barbara County,"Jul 6, 2022",166.531120730466,,Spaulding/ Midland VMP Project,Burn Plot,NA,NA
Fuel_Treatment_Polygons_20220523,Santa Barbara County,"Jul 6, 2022",175.797986701661,,Spaulding/ Midland VMP Project,Burn Plot,NA,NA
Fuel_Treatment_Polygons_20220523,Santa Barbara County,"Jul 6, 2022",223.256970143966,,Spaulding/ Midland VMP Project,Burn Plot,NA,NA
Fuel_Treatment_Polygons_20220523,Santa Barbara County,"Jul 6, 2022",209.374087020953,,Spaulding/ Midland VMP Project,Burn Plot,NA,NA
Fuel_Treatment_Polygons_20220523,Santa Barbara County,"Jul 6, 2022",142.050835366357,,Spaulding/ Midland VMP Project,Burn Plot,NA,NA
Fuel_Treatment_Polygons_20220523,Santa Barbara County,"Jul 6, 2022",141.036924935054,,Spaulding/ Midland VMP Project,Burn Plot,NA,NA
Fuel_Treatment_Polygons_20220523,Santa Barbara County,"Jul 6, 2022",249.180389769239,,Spaulding/ Midland VMP Project,Burn Plot,NA,NA
Fuel_Treatment_Polygons_20220523,Santa Barbara County,"Jul 6, 2022",63.6691561968406,,Spaulding/ Midland VMP Project,Burn Plot,NA,NA
Fuel_Treatment_Polygons_20220523,Santa Barbara County,"Jul 6, 2022",2.63989581312774,,Orcutt Community Fuel Reduction,Fuel Reduction,NA,NA
Fuel_Treatment_Polygons_20220523,Santa Barbara County,"Jul 6, 2022",3.36383353073405,,Orcutt Community Fuel Reduction,Fuel Reduction,NA,NA
Fuel_Treatment_Polygons_20220523,Santa Barbara County,"Jul 6, 2022",44.2145929249716,,Orcutt Community Fuel Reduction,Fuel Reduction,NA,NA
Fuel_Treatment_Polygons_20220523,Santa Barbara County,"Jul 6, 2022",40.5617845601046,,Orcutt Community Fuel Reduction,Fuel Reduction,NA,NA
Fuel_Treatment_Polygons_20220523,Santa Barbara County,"Jul 6, 2022",2.10247085956173,,Orcutt Community Fuel Reduction,Fuel Reduction,NA,NA
Fuel_Treatment_Polygons_20220523,Santa Barbara County,"Jul 6, 2022",2.46088148778647,,Orcutt Community Fuel Reduction,Fuel Reduction,NA,NA
Fuel_Treatment_Polygons_20220523,Santa Barbara County,"Jul 6, 2022",1.15910927956898,,Orcutt Community Fuel Reduction,Fuel Reduction,NA,NA
Fuel_Treatment_Polygons_20220523,Santa Barbara County,"Jul 6, 2022",0.742873264905905,,Orcutt Community Fuel Reduction,Fuel Reduction,NA,NA
Fuel_Treatment_Polygons_20220523,Santa Barbara County,"Jul 6, 2022",1.91868871569921,,Orcutt Community Fuel Reduction,Fuel Reduction,NA,NA
Fuel_Treatment_Polygons_20220523,Santa Barbara County,"Jul 6, 2022",1.88308752141706,,Orcutt Community Fuel Reduction,Fuel Reduction,NA,NA
2020-UpperToroCyn_FuelTreatment_project,Carpinteria,"Aug 23, 2022",,,,,,
BellaVista_fueltreatment_project,Carpinteria,"Aug 23, 2022",0.82,,,thinning / chipping,,chapparal
BellaVista_fueltreatment_project,Carpinteria,"Aug 23, 2022",0.58,,,thinning / chipping,,chaparral
BellaVista_fueltreatment_project,Carpinteria,"Aug 23, 2022",4.76,,,thinning / chipping,,chapparal + oak woodland
BellaVista_fueltreatment_project,Carpinteria,"Aug 23, 2022",1.09,,,thinning / chipping,,chaparral
BellaVista_fueltreatment_project,Carpinteria,"Aug 23, 2022",0.41,,,roadside brushing,,grass / weeds
BellaVista_fueltreatment_project,Carpinteria,"Aug 23, 2022",0.22,,,roadside brushing,,grass / weeds
EValley_Torito_fueltreatment_Unit,Carpinteria,"Aug 23, 2022",,,,,,
Franklin_Trail_fueltreatment_project,Carpinteria,"Aug 23, 2022",6.09,,Franklin Trail,thinning / chipping,2015-03-30,chaparral
HiddenValley_fueltreatment_project,Carpinteria,"Aug 23, 2022",0.55,,HiddenValley,thinning / chipping,2015-03-01,chaparral
HiddenValley_fueltreatment_project,Carpinteria,"Aug 23, 2022",2.04,,HiddenValley,thinning / chipping,2014-04-01,chaparral
HiddenValley_fueltreatment_project,Carpinteria,"Aug 23, 2022",0.36,,HiddenValley,thinning / chipping,2014-04-01,chaparral
HiddenValley_fueltreatment_project,Carpinteria,"Aug 23, 2022",0.39,,HiddenValley,roadside thinning,2013-06-20,chaparral / non-native veg.
HiddenValley_fueltreatment_project,Carpinteria,"Aug 23, 2022",0,,HiddenValley,thinning / chipping,2015-03-01,chaparral / oak
Ladera_Toro_fueltreatment_Unit,Carpinteria,"Aug 23, 2022",,,,,,
Ladera_Toro_fueltreatment_Unit,Carpinteria,"Aug 23, 2022",,,,,,
Ladera_Toro_fueltreatment_Unit,Carpinteria,"Aug 23, 2022",,,,,,
Ladera_Toro_fueltreatment_Unit,Carpinteria,"Aug 23, 2022",,,,,,
Ladera_Toro_fueltreatment_Unit,Carpinteria,"Aug 23, 2022",,,,,,
Ladera_Toro_fueltreatment_Unit,Carpinteria,"Aug 23, 2022",,,,,,
Ladera_Toro_fueltreatment_Unit,Carpinteria,"Aug 23, 2022",,,,,,
Ladera_Toro_fueltreatment_Unit,Carpinteria,"Aug 23, 2022",,,,,,
Ladera_Toro_fueltreatment_Unit,Carpinteria,"Aug 23, 2022",,,,,,
Ladera_Vedanta_fueltreatment_project,Carpinteria,"Aug 23, 2022",2.05,,,thinning / chipping,,chaparral /  oak woodland
Ladera_Vedanta_fueltreatment_project,Carpinteria,"Aug 23, 2022",2.85,,,thinning / chipping,,chaparral / eucalyptus trees
Ladera_Vedanta_fueltreatment_project,Carpinteria,"Aug 23, 2022",1.66,,,roadside brushing,,chaparral / trees
Ladera_Vedanta_fueltreatment_project,Carpinteria,"Aug 23, 2022",1.83,,,roadside brushing,,brush / grass
Ladera_Vedanta_fueltreatment_project,Carpinteria,"Aug 23, 2022",2.15,,,mastication,,chaparral
Ladera_Vedanta_fueltreatment_project,Carpinteria,"Aug 23, 2022",0.97,,,mastication,,chaparral
Ladera_Vedanta_fueltreatment_project,Carpinteria,"Aug 23, 2022",1.01,,,masticfation,,chaparral
Ladera_Vedanta_fueltreatment_project,Carpinteria,"Aug 23, 2022",1.26,,,thinning / chipping,,roadside brushing / chipping
Ladera_Vedanta_fueltreatment_project,Carpinteria,"Aug 23, 2022",2.91,,,thinning / chipping,,chaparral / trees
Ladera_Vedanta_fueltreatment_project,Carpinteria,"Aug 23, 2022",0.66,,,thinning / chipping,,roadside brushing
Ladera_Vedanta_fueltreatment_project,Carpinteria,"Aug 23, 2022",1.24,,,thinning / chipping,,chaparral / trees
Ladera-Toro-Connector_fueltreatment_project,Carpinteria,"Aug 23, 2022",0.36,,Ladera-Toro_connector,thinning / chipping,2015-04-15,
Ladera-Toro-Connector_fueltreatment_project,Carpinteria,"Aug 23, 2022",1.55,,Ladera-Toro_connector,thinning / chipping,2013-06-01,chaparral
Ladera-Toro-Connector_fueltreatment_project,Carpinteria,"Aug 23, 2022",1.25,,Ladera-Toro_connector,thinning / chipping,2014-06-01,chaparral
Ladera-Toro-Connector_fueltreatment_project,Carpinteria,"Aug 23, 2022",0.29,,Ladera-Toro_connector,thinning / chipping,2013-06-01,chaparral / trees
Ladera-Toro-Connector_fueltreatment_project,Carpinteria,"Aug 23, 2022",0.21,,Ladera-Toro_connector,thinning / pruning,2013-06-01,grass / trees
Ladera-Toro-Connector_fueltreatment_project,Carpinteria,"Aug 23, 2022",1.41,,Ladera-Toro_connector,thinning / chipping,2016-06-01,chaparral
Ladera-Toro-Connector_fueltreatment_project,Carpinteria,"Aug 23, 2022",0.9,,Ladera-Toro_connector,roadside brushing / chipping,2014-04-29,grass / weeds / brush
Ladera-Toro-Connector_fueltreatment_project,Carpinteria,"Aug 23, 2022",0.25,,Ladera-Toro_connector,roadside brushing / chipping,2014-04-29,brush
Ladera-Toro-Connector_fueltreatment_project,Carpinteria,"Aug 23, 2022",0.23,,Ladera-Toro_connector,roadside brushing / chipping,2014-04-29,brush
Ladera-Toro-Connector_fueltreatment_project,Carpinteria,"Aug 23, 2022",0.82,,Ladera-Toro_connector,roadside brushing / thinning / chipping,2013-12-17,Grass / brush
Ladera-Toro-Connector_fueltreatment_project,Carpinteria,"Aug 23, 2022",0.56,,Ladera-Toro_connector,thinning / chipping,2015-04-06,chaparral
Ladera-Toro-Connector_fueltreatment_project,Carpinteria,"Aug 23, 2022",0.48,,Ladera-Toro_connector,thinning / chipping,2015-03-20,chaparral
Ladera-Toro-Connector_fueltreatment_project,Carpinteria,"Aug 23, 2022",0.57,,Ladera-Toro_connector,thinning / chipping,2008-04-01,chaparral
Ladera-Toro-Connector_fueltreatment_project,Carpinteria,"Aug 23, 2022",0.22,,Ladera-Toro_connector,roadside brushing / chipping,2014-03-20,chaparral
Ladera-Toro-Connector_fueltreatment_project,Carpinteria,"Aug 23, 2022",0.23,,Ladera-Toro_connector,roadside brushing / chipping,2014-03-20,chaparral
Ladera-Toro-Connector_fueltreatment_project,Carpinteria,"Aug 23, 2022",0,,,,1899-12-30,
NeighborhoodChipping_SRAFPF-5GS15141,Carpinteria,"Aug 23, 2022",,,,chipping,,
NeighborhoodChipping_SRAFPF-5GS15141,Carpinteria,"Aug 23, 2022",,,,chipping,,
NeighborhoodChipping_SRAFPF-5GS15141,Carpinteria,"Aug 23, 2022",,,,chipping,,
NeighborhoodChipping_SRAFPF-5GS15141,Carpinteria,"Aug 23, 2022",,,,chipping,,
NeighborhoodChipping_SRAFPF-5GS15141,Carpinteria,"Aug 23, 2022",,,,chipping,,
NeighborhoodChipping_SRAFPF-5GS15141,Carpinteria,"Aug 23, 2022",,,,chipping,,
NeighborhoodChipping_SRAFPF-5GS15141,Carpinteria,"Aug 23, 2022",,,,chipping,,
NeighborhoodChipping_SRAFPF-5GS15141,Carpinteria,"Aug 23, 2022",,,,chipping,,
ParedonRidge_Fueltreatment_Unit,Carpinteria,"Aug 23, 2022",,,,,,
Rincon_Fueltreatment_Unit,Carpinteria,"Aug 23, 2022",,,,,,
SantaMonica_fueltreatment_Unit,Carpinteria,"Aug 23, 2022",,,,,,
Snowball_Peak_fueltreatment_Unit,Carpinteria,"Aug 23, 2022",,,,,,
Snowball_Peak_fueltreatment_Unit,Carpinteria,"Aug 23, 2022",,,,,,
ToroCanyon_fueltreatment_project,Carpinteria,"Aug 23, 2022",1.29,,Toro Canyon,thinning / chipping,2010-04-01,chaparral / trees
ToroCanyon_fueltreatment_project,Carpinteria,"Aug 23, 2022",0.33,,Toro Canyon,thinning / chipping,2015-02-20,chaparral
ToroCanyon_fueltreatment_project,Carpinteria,"Aug 23, 2022",0.48,,Toro Canyon,thinning / chipping / removal,2016-06-20,chaparral / invasive species
ToroCanyon_fueltreatment_project,Carpinteria,"Aug 23, 2022",1.37,,Toro Canyon,thinning / chipping,2014-04-15,chaparral
ToroCanyon_fueltreatment_project,Carpinteria,"Aug 23, 2022",1.46,,Toro Canyon,thinning / chipping,2016-04-01,chaparral
ToroCanyon_fueltreatment_project,Carpinteria,"Aug 23, 2022",0.62,,Toro Canyon,roadside brushing / chipping,2015-05-20,chaparral
ToroCanyon_fueltreatment_project,Carpinteria,"Aug 23, 2022",0.96,,Toro Canyon,roadside brushing / chipping,2015-04-20,chaparral
ToroCanyon_fueltreatment_project,Carpinteria,"Aug 23, 2022",0.8,,Toro Canyon,goat browsing,2010-06-10,chaparral / willow
ToroCanyonPark_fueltreatemnt_Unit,Carpinteria,"Aug 23, 2022",,,,,,
ToroCanyonPark_fueltreatment_project,Carpinteria,"Aug 23, 2022",3.11,,toro canyon park,roadside brushing / chipping,2014-04-30,chaparral / evergreen trees
ToroCanyonPark_fueltreatment_project,Carpinteria,"Aug 23, 2022",2.81,,toro canyon park,roadside brushing / chipping,2009-03-20,chaparral
ToroCanyonPark_fueltreatment_project,Carpinteria,"Aug 23, 2022",7.53,,toro canyon park,roadside brushing / chipping,2009-03-20,chaparra
ToroCanyonPark_fueltreatment_project,Carpinteria,"Aug 23, 2022",0,,toro canyon park,masticator,2011-07-20,chaparral
ToroCanyonPark_fueltreatment_project,Carpinteria,"Aug 23, 2022",7.53,,toro canyon park,roadside brushing / chipping,2009-03-20,chaparral
Zaca_SBC_Support_CASBC006285,Carpinteria,"Aug 23, 2022",,,PL-566_Rincon FB Maintenance,dozer clerance_re-work fuelbreak,,
Zaca_SBC_Support_CASBC006285,Carpinteria,"Aug 23, 2022",,,PL-566_Rincon FB Maintenance,dozer clerance_re-work fuelbreak,,
Ag_Greenbelts_02182021,,"Aug 29, 2022",10.4388947213,,,,NA,
Ag_Greenbelts_02182021,,"Aug 29, 2022",20.3841416227,,,,NA,
Ag_Greenbelts_02182021,,"Aug 29, 2022",12.6278103182,,,,NA,
Ag_Greenbelts_02182021,,"Aug 29, 2022",6.46146368329,,,,NA,
Ag_Greenbelts_02182021,,"Aug 29, 2022",7.53403403044,,,,NA,
Ag_Greenbelts_02182021,,"Aug 29, 2022",27.1586738924,,,,NA,
Ag_Greenbelts_02182021,,"Aug 29, 2022",30.6717289573,,,,NA,
Ag_Greenbelts_02182021,,"Aug 29, 2022",192.884181597,,,,NA,
Ag_Greenbelts_02182021,,"Aug 29, 2022",12.1047463681,,,,NA,
Ag_Greenbelts_02182021,,"Aug 29, 2022",23.5482309222,,,,NA,
Ag_Greenbelts_02182021,,"Aug 29, 2022",5.88495596061,,,,NA,
Ag_Greenbelts_02182021,,"Aug 29, 2022",13.2257552298,,,,NA,
Ag_Greenbelts_02182021,,"Aug 29, 2022",6.11740480163,,,,NA,
Ag_Greenbelts_02182021,,"Aug 29, 2022",9.9124835077,,,,NA,
Ag_Greenbelts_02182021,,"Aug 29, 2022",9.41302338589,,,,NA,
Ag_Greenbelts_02182021,,"Aug 29, 2022",5.10669330931,,,,NA,
Ag_Greenbelts_02182021,,"Aug 29, 2022",11.2158728116,,,,NA,
Ag_Greenbelts_02182021,,"Aug 29, 2022",7.329544421,,,,NA,
Ag_Greenbelts_02182021,,"Aug 29, 2022",7.86380267482,,,,NA,
Ag_Greenbelts_02182021,,"Aug 29, 2022",1.02764010886,,,,NA,
Ag_Greenbelts_02182021,,"Aug 29, 2022",3.37585992422,,,,NA,
Ag_Greenbelts_02182021,,"Aug 29, 2022",1.80996560366,,,,NA,
Ag_Greenbelts_02182021,,"Aug 29, 2022",0.29803271382,,,,NA,
Ag_Greenbelts_02182021,,"Aug 29, 2022",1.66612409847,,,,NA,
Ag_Greenbelts_02182021,,"Aug 29, 2022",1.21641451556,,,,NA,
Ag_Greenbelts_02182021,,"Aug 29, 2022",32.0220363496,,,,NA,
Ag_Greenbelts_02182021,,"Aug 29, 2022",2.17932140635,,,,NA,
Ag_Greenbelts_02182021,,"Aug 29, 2022",2.75003196324,,,,NA,
Ag_Greenbelts_02182021,,"Aug 29, 2022",8.22522304159,,,,NA,
Ag_Greenbelts_02182021,,"Aug 29, 2022",10.9293661002,,,,NA,
Ag_Greenbelts_02182021,,"Aug 29, 2022",1.82174156988,,,,NA,
Ag_Greenbelts_02182021,,"Aug 29, 2022",2.82191811854,,,,NA,
Ag_Greenbelts_02182021,,"Aug 29, 2022",30.1589765071,,,,NA,
Ag_Greenbelts_02182021,,"Aug 29, 2022",352.246684406,,,,NA,
Ag_Greenbelts_02182021,,"Aug 29, 2022",1.98742677931,,,,NA,
Ag_Greenbelts_02182021,,"Aug 29, 2022",5.44648023911,,,,NA,
Ag_Greenbelts_02182021,,"Aug 29, 2022",5.94301411303,,,,NA,
Ag_Greenbelts_02182021,,"Aug 29, 2022",555.03759537,,,,NA,
Ag_Greenbelts_02182021,,"Aug 29, 2022",36.9055781441,,,,NA,
Ag_Greenbelts_02182021,,"Aug 29, 2022",6.98531471626,,,,NA,
Ag_Greenbelts_02182021,,"Aug 29, 2022",20.3309486789,,,,NA,
Ag_Greenbelts_02182021,,"Aug 29, 2022",4.10348452043,,,,NA,
Ag_Greenbelts_02182021,,"Aug 29, 2022",3.74669691265,,,,NA,
Ag_Greenbelts_02182021,,"Aug 29, 2022",3.49327361789,,,,NA,
Ag_Greenbelts_02182021,,"Aug 29, 2022",25.7429088457,,,,NA,
Ag_Greenbelts_02182021,,"Aug 29, 2022",7.84308553682,,,,NA,
Ag_Greenbelts_02182021,,"Aug 29, 2022",9.16803744367,,,,NA,
Ag_Greenbelts_02182021,,"Aug 29, 2022",2.47314755287,,,,NA,
Ag_Greenbelts_02182021,,"Aug 29, 2022",10.3163433674,,,,NA,
Ag_Greenbelts_02182021,,"Aug 29, 2022",8.17975308586,,,,NA,
Ag_Greenbelts_02182021,,"Aug 29, 2022",24.5663789807,,,,NA,
Ag_Greenbelts_02182021,,"Aug 29, 2022",58.9480114203,,,,NA,
Ag_Greenbelts_02182021,,"Aug 29, 2022",86.5515860734,,,,NA,
Ag_Greenbelts_02182021,,"Aug 29, 2022",13.4384059166,,,,NA,
Ag_Greenbelts_02182021,,"Aug 29, 2022",23.1664157266,,,,NA,
Ag_Greenbelts_02182021,,"Aug 29, 2022",290.242552765,,,,NA,
Ag_Greenbelts_02182021,,"Aug 29, 2022",29.7629377276,,,,NA,
Ag_Greenbelts_02182021,,"Aug 29, 2022",11.5989679623,,,,NA,
Ag_Greenbelts_02182021,,"Aug 29, 2022",10.2492034929,,,,NA,
Ag_Greenbelts_02182021,,"Aug 29, 2022",336.96999237,,,,NA,
Ag_Greenbelts_02182021,,"Aug 29, 2022",27.4895167061,,,,NA,
Ag_Greenbelts_02182021,,"Aug 29, 2022",22.2354809579,,,,NA,
Ag_Greenbelts_02182021,,"Aug 29, 2022",31.4180415888,,,,NA,
Ag_Greenbelts_02182021,,"Aug 29, 2022",8.42404979025,,,,NA,
Ag_Greenbelts_02182021,,"Aug 29, 2022",15.1521120238,,,,NA,
Ag_Greenbelts_02182021,,"Aug 29, 2022",30.6331914765,,,,NA,
Ag_Greenbelts_02182021,,"Aug 29, 2022",83.1588561443,,,,NA,
Ag_Greenbelts_02182021,,"Aug 29, 2022",90.9406503265,,,,NA,
Ag_Greenbelts_02182021,,"Aug 29, 2022",339.500147176,,,,NA,
Ag_Greenbelts_02182021,,"Aug 29, 2022",8.12024888514,,,,NA,
Ag_Greenbelts_02182021,,"Aug 29, 2022",13.0617476917,,,,NA,
Ag_Greenbelts_02182021,,"Aug 29, 2022",1.38658436571,,,,NA,
Ag_Greenbelts_02182021,,"Aug 29, 2022",35.0174397572,,,,NA,
Ag_Greenbelts_02182021,,"Aug 29, 2022",15.6125356051,,,,NA,
Ag_Greenbelts_02182021,,"Aug 29, 2022",0,,,,NA,
Ag_Greenbelts_02182021,,"Aug 29, 2022",0,,,,NA,
Ag_Greenbelts_02182021,,"Aug 29, 2022",0,,,,NA,
Ag_Greenbelts_02182021,,"Aug 29, 2022",0,,,,NA,
Ag_Greenbelts_02182021,,"Aug 29, 2022",0,,,,NA,
Ag_Greenbelts_02182021,,"Aug 29, 2022",0,,,,NA,
Ag_Greenbelts_02182021,,"Aug 29, 2022",0,,,,NA,
Ag_Greenbelts_02182021,,"Aug 29, 2022",0,,,,NA,
Ag_Greenbelts_02182021,,"Aug 29, 2022",0,,,,NA,
Ag_Greenbelts_02182021,,"Aug 29, 2022",0,,,,NA,
Ag_Greenbelts_02182021,,"Aug 29, 2022",0,,,,NA,
Ag_Greenbelts_02182021,,"Aug 29, 2022",0,,,,NA,
Ag_Greenbelts_02182021,,"Aug 29, 2022",0,,,,NA,
Ag_Greenbelts_02182021,,"Aug 29, 2022",0,,,,NA,
Ag_Greenbelts_02182021,,"Aug 29, 2022",0,,,,NA,
Ag_Greenbelts_02182021,,"Aug 29, 2022",0,,,,NA,
Ag_Greenbelts_02182021,,"Aug 29, 2022",0,,,,NA,
Ag_Greenbelts_02182021,,"Aug 29, 2022",0,,,,NA,
Ag_Greenbelts_02182021,,"Aug 29, 2022",0,,,,NA,
Ag_Greenbelts_02182021,,"Aug 29, 2022",0,,,,NA,
Ag_Greenbelts_02182021,,"Aug 29, 2022",0,,,,NA,
Ag_Greenbelts_02182021,,"Aug 29, 2022",0,,,,NA,
Ag_Greenbelts_02182021,,"Aug 29, 2022",0,,,,NA,
Ag_Greenbelts_02182021,,"Aug 29, 2022",0,,,,NA,
Ag_Greenbelts_02182021,,"Aug 29, 2022",0,,,,NA,
Ag_Greenbelts_02182021,,"Aug 29, 2022",0,,,,NA,
Ag_Greenbelts_02182021,,"Aug 29, 2022",0,,,,NA,
Ag_Greenbelts_02182021,,"Aug 29, 2022",0,,,,NA,
Ag_Greenbelts_02182021,,"Aug 29, 2022",0,,,,NA,
Ag_Greenbelts_02182021,,"Aug 29, 2022",0,,,,NA,
Ag_Greenbelts_02182021,,"Aug 29, 2022",0,,,,NA,
Ag_Greenbelts_02182021,,"Aug 29, 2022",0,,,,NA,
Ag_Greenbelts_02182021,,"Aug 29, 2022",0,,,,NA,
Ag_Greenbelts_02182021,,"Aug 29, 2022",0,,,,NA,
Ag_Greenbelts_02182021,,"Aug 29, 2022",0,,,,NA,
Ag_Greenbelts_02182021,,"Aug 29, 2022",0,,,,NA,
Ag_Greenbelts_02182021,,"Aug 29, 2022",0,,,,NA,
Ag_Greenbelts_02182021,,"Aug 29, 2022",0,,,,NA,
Ag_Greenbelts_02182021,,"Aug 29, 2022",0,,,,NA,
Ag_Greenbelts_02182021,,"Aug 29, 2022",0,,,,NA,
Ag_Greenbelts_02182021,,"Aug 29, 2022",0,,,,NA,
Ag_Greenbelts_02182021,,"Aug 29, 2022",0,,,,NA,
Ag_Greenbelts_02182021,,"Aug 29, 2022",0,,,,NA,
Ag_Greenbelts_02182021,,"Aug 29, 2022",0,,,,NA,
Ag_Greenbelts_02182021,,"Aug 29, 2022",0,,,,NA,
Ag_Greenbelts_02182021,,"Aug 29, 2022",0,,,,NA,
Ag_Greenbelts_02182021,,"Aug 29, 2022",0,,,,NA,
Ag_Greenbelts_02182021,,"Aug 29, 2022",0,,,,NA,
Ag_Greenbelts_02182021,,"Aug 29, 2022",0,,,,NA,
Ag_Greenbelts_02182021,,"Aug 29, 2022",0,,,,NA,
Ag_Greenbelts_02182021,,"Aug 29, 2022",0,,,,NA,
Ag_Greenbelts_02182021,,"Aug 29, 2022",0,,,,NA,
Ag_Greenbelts_02182021,,"Aug 29, 2022",0,,,,NA,
Ag_Greenbelts_02182021,,"Aug 29, 2022",0,,,,NA,
Ag_Greenbelts_02182021,,"Aug 29, 2022",0,,,,NA,
Ag_Greenbelts_02182021,,"Aug 29, 2022",0,,,,NA,
Ag_Greenbelts_02182021,,"Aug 29, 2022",0,,,,NA,
Ag_Greenbelts_02182021,,"Aug 29, 2022",0,,,,NA,
Ag_Greenbelts_02182021,,"Aug 29, 2022",0,,,,NA,
Ag_Greenbelts_02182021,,"Aug 29, 2022",0,,,,NA,
Ag_Greenbelts_02182021,,"Aug 29, 2022",0,,,,NA,
Ag_Greenbelts_02182021,,"Aug 29, 2022",0,,,,NA,
Ag_Greenbelts_02182021,,"Aug 29, 2022",0,,,,NA,
Ag_Greenbelts_02182021,,"Aug 29, 2022",0,,,,NA,
Ag_Greenbelts_02182021,,"Aug 29, 2022",0,,,,NA,
Ag_Greenbelts_02182021,,"Aug 29, 2022",0,,,,NA,
Ag_Greenbelts_02182021,,"Aug 29, 2022",0,,,,NA,
Ag_Greenbelts_02182021,,"Aug 29, 2022",0,,,,NA,
Ag_Greenbelts_02182021,,"Aug 29, 2022",0,,,,NA,
Ag_Greenbelts_02182021,,"Aug 29, 2022",0,,,,NA,
Ag_Greenbelts_02182021,,"Aug 29, 2022",0,,,,NA,
Ag_Greenbelts_02182021,,"Aug 29, 2022",0,,,,NA,
Ag_Greenbelts_02182021,,"Aug 29, 2022",0,,,,NA,
Ag_Greenbelts_02182021,,"Aug 29, 2022",0,,,,NA,
Ag_Greenbelts_02182021,,"Aug 29, 2022",0,,,,NA,
Ag_Greenbelts_02182021,,"Aug 29, 2022",0,,,,NA,
Ag_Greenbelts_02182021,,"Aug 29, 2022",0,,,,NA,
Ag_Greenbelts_02182021,,"Aug 29, 2022",0,,,,NA,
Ag_Greenbelts_02182021,,"Aug 29, 2022",0,,,,NA,
Ag_Greenbelts_02182021,,"Aug 29, 2022",0,,,,NA,
Ag_Greenbelts_02182021,,"Aug 29, 2022",0,,,,NA,
Ag_Greenbelts_02182021,,"Aug 29, 2022",0,,,,NA,
Ag_Greenbelts_02182021,,"Aug 29, 2022",0,,,,NA,
Ag_Greenbelts_02182021,,"Aug 29, 2022",0,,,,NA,
Ag_Greenbelts_02182021,,"Aug 29, 2022",0,,,,NA,
Ag_Greenbelts_02182021,,"Aug 29, 2022",0,,,,NA,
Ag_Greenbelts_02182021,,"Aug 29, 2022",0,,,,NA,
Ag_Greenbelts_02182021,,"Aug 29, 2022",0,,,,NA,
Ag_Greenbelts_02182021,,"Aug 29, 2022",0,,,,NA,
Ag_Greenbelts_02182021,,"Aug 29, 2022",0,,,,NA,
Ag_Greenbelts_02182021,,"Aug 29, 2022",0,,,,NA,
Ag_Greenbelts_02182021,,"Aug 29, 2022",0,,,,NA,
Ag_Greenbelts_02182021,,"Aug 29, 2022",0,,,,NA,
Ag_Greenbelts_02182021,,"Aug 29, 2022",0,,,,NA,
Ag_Greenbelts_02182021,,"Aug 29, 2022",0,,,,NA,
Ag_Greenbelts_02182021,,"Aug 29, 2022",0,,,,NA,
Ag_Greenbelts_02182021,,"Aug 29, 2022",0,,,,NA,
Ag_Greenbelts_02182021,,"Aug 29, 2022",0,,,,NA,
Ag_Greenbelts_02182021,,"Aug 29, 2022",0,,,,NA,
Ag_Greenbelts_02182021,,"Aug 29, 2022",0,,,,NA,
Ag_Greenbelts_02182021,,"Aug 29, 2022",0,,,,NA,
Ag_Greenbelts_02182021,,"Aug 29, 2022",0,,,,NA,
Ag_Greenbelts_02182021,,"Aug 29, 2022",0,,,,NA,
Ag_Greenbelts_02182021,,"Aug 29, 2022",0,,,,NA,
Ag_Greenbelts_02182021,,"Aug 29, 2022",0,,,,NA,
Ag_Greenbelts_02182021,,"Aug 29, 2022",0,,,,NA,
Ag_Greenbelts_02182021,,"Aug 29, 2022",0,,,,NA,
Ag_Greenbelts_02182021,,"Aug 29, 2022",0,,,,NA,
Ag_Greenbelts_02182021,,"Aug 29, 2022",0,,,,NA,
Ag_Greenbelts_02182021,,"Aug 29, 2022",0,,,,NA,
Ag_Greenbelts_02182021,,"Aug 29, 2022",0,,,,NA,
Ag_Greenbelts_02182021,,"Aug 29, 2022",0,,,,NA,
Ag_Greenbelts_02182021,,"Aug 29, 2022",0,,,,NA,
Ag_Greenbelts_02182021,,"Aug 29, 2022",0,,,,NA,
Ag_Greenbelts_02182021,,"Aug 29, 2022",0,,,,NA,
Ag_Greenbelts_02182021,,"Aug 29, 2022",0,,,,NA,
Ag_Greenbelts_02182021,,"Aug 29, 2022",0,,,,NA,
Ag_Greenbelts_02182021,,"Aug 29, 2022",0,,,,NA,
Ag_Greenbelts_02182021,,"Aug 29, 2022",0,,,,NA,
Ag_Greenbelts_02182021,,"Aug 29, 2022",0,,,,NA,
Ag_Greenbelts_02182021,,"Aug 29, 2022",0,,,,NA,
Ag_Greenbelts_02182021,,"Aug 29, 2022",0,,,,NA,
Ag_Greenbelts_02182021,,"Aug 29, 2022",0,,,,NA,
Ag_Greenbelts_02182021,,"Aug 29, 2022",0,,,,NA,
Ag_Greenbelts_02182021,,"Aug 29, 2022",0,,,,NA,
Ag_Greenbelts_02182021,,"Aug 29, 2022",0,,,,NA,
Ag_Greenbelts_02182021,,"Aug 29, 2022",0,,,,NA,
Ag_Greenbelts_02182021,,"Aug 29, 2022",0,,,,NA,
Ag_Greenbelts_02182021,,"Aug 29, 2022",0,,,,NA,
Ag_Greenbelts_02182021,,"Aug 29, 2022",0,,,,NA,
Ag_Greenbelts_02182021,,"Aug 29, 2022",0,,,,NA,
Ag_Greenbelts_02182021,,"Aug 29, 2022",0,,,,NA,
Ag_Greenbelts_02182021,,"Aug 29, 2022",0,,,,NA,
Ag_Greenbelts_02182021,,"Aug 29, 2022",0,,,,NA,
Ag_Greenbelts_02182021,,"Aug 29, 2022",0,,,,NA,
Ag_Greenbelts_02182021,,"Aug 29, 2022",0,,,,NA,
Ag_Greenbelts_02182021,,"Aug 29, 2022",0,,,,NA,
Ag_Greenbelts_02182021,,"Aug 29, 2022",0,,,,NA,
Ag_Greenbelts_02182021,,"Aug 29, 2022",0,,,,NA,
Ag_Greenbelts_02182021,,"Aug 29, 2022",0,,,,NA,
Ag_Greenbelts_02182021,,"Aug 29, 2022",0,,,,NA,
Ag_Greenbelts_02182021,,"Aug 29, 2022",0,,,,NA,
Ag_Greenbelts_02182021,,"Aug 29, 2022",0,,,,NA,
Ag_Greenbelts_02182021,,"Aug 29, 2022",0,,,,NA,
Ag_Greenbelts_02182021,,"Aug 29, 2022",0,,,,NA,
Ag_Greenbelts_02182021,,"Aug 29, 2022",0,,,,NA,
Ag_Greenbelts_02182021,,"Aug 29, 2022",0,,,,NA,
Ag_Greenbelts_02182021,,"Aug 29, 2022",0,,,,NA,
Ag_Greenbelts_02182021,,"Aug 29, 2022",0,,,,NA,
Ag_Greenbelts_02182021,,"Aug 29, 2022",0,,,,NA,
Ag_Greenbelts_02182021,,"Aug 29, 2022",0,,,,NA,
Ag_Greenbelts_02182021,,"Aug 29, 2022",0,,,,NA,
Ag_Greenbelts_02182021,,"Aug 29, 2022",0,,,,NA,
Ag_Greenbelts_02182021,,"Aug 29, 2022",0,,,,NA,
Ag_Greenbelts_02182021,,"Aug 29, 2022",0,,,,NA,
Ag_Greenbelts_02182021,,"Aug 29, 2022",0,,,,NA,
Ag_Greenbelts_02182021,,"Aug 29, 2022",0,,,,NA,
Ag_Greenbelts_02182021,,"Aug 29, 2022",0,,,,NA,
Ag_Greenbelts_02182021,,"Aug 29, 2022",0,,,,NA,
Ag_Greenbelts_02182021,,"Aug 29, 2022",0,,,,NA,
Ag_Greenbelts_02182021,,"Aug 29, 2022",0,,,,NA,
Ag_Greenbelts_02182021,,"Aug 29, 2022",0,,,,NA,
Ag_Greenbelts_02182021,,"Aug 29, 2022",0,,,,NA,
Ag_Greenbelts_02182021,,"Aug 29, 2022",0,,,,NA,
Ag_Greenbelts_02182021,,"Aug 29, 2022",0,,,,NA,
Ag_Greenbelts_02182021,,"Aug 29, 2022",0,,,,NA,
Ag_Greenbelts_02182021,,"Aug 29, 2022",0,,,,NA,
Ag_Greenbelts_02182021,,"Aug 29, 2022",0,,,,NA,
Ag_Greenbelts_02182021,,"Aug 29, 2022",0,,,,NA,
Ag_Greenbelts_02182021,,"Aug 29, 2022",0,,,,NA,
Ag_Greenbelts_02182021,,"Aug 29, 2022",0,,,,NA,
Ag_Greenbelts_02182021,,"Aug 29, 2022",0,,,,NA,
Ag_Greenbelts_02182021,,"Aug 29, 2022",0,,,,NA,
Ag_Greenbelts_02182021,,"Aug 29, 2022",0,,,,NA,
Ag_Greenbelts_02182021,,"Aug 29, 2022",0,,,,NA,
Ag_Greenbelts_02182021,,"Aug 29, 2022",0,,,,NA,
Ag_Greenbelts_02182021,,"Aug 29, 2022",0,,,,NA,
Ag_Greenbelts_02182021,,"Aug 29, 2022",0,,,,NA,
Ag_Greenbelts_02182021,,"Aug 29, 2022",0,,,,NA,
Ag_Greenbelts_02182021,,"Aug 29, 2022",0,,,,NA,
Ag_Greenbelts_02182021,,"Aug 29, 2022",0,,,,NA,
Ag_Greenbelts_02182021,,"Aug 29, 2022",0,,,,NA,
Ag_Greenbelts_02182021,,"Aug 29, 2022",0,,,,NA,
Ag_Greenbelts_02182021,,"Aug 29, 2022",0,,,,NA,
Ag_Greenbelts_02182021,,"Aug 29, 2022",0,,,,NA,
Ag_Greenbelts_02182021,,"Aug 29, 2022",0,,,,NA,
Ag_Greenbelts_02182021,,"Aug 29, 2022",0,,,,NA,
Camino_Cielo_Fuelbreak,LPF,"Aug 29, 2022",525.509251598,,Camino Cielo Fuelbreak,,NA,
Camino_Cielo_Fuelbreak,LPF,"Aug 29, 2022",62.862695731,,Camino Cielo Fuelbreak,,NA,
Camino_Cielo_Fuelbreak,LPF,"Aug 29, 2022",471.598991776,,Camino Cielo Fuelbreak,,NA,
Camino_Cielo_Fuelbreak,LPF,"Aug 29, 2022",46.1986170218,,Camino Cielo Fuelbreak,,NA,
Camino_Cielo_Fuelbreak,LPF,"Aug 29, 2022",384.273593561,,Camino Cielo Fuelbreak,,NA,
LPF_Strategic_Fuelbreaks_SMP_CWPP_Final_05012017,LPF,"Aug 29, 2022",74.4285610809,,Arroyo Burro Fuelbreak,,NA,
LPF_Strategic_Fuelbreaks_SMP_CWPP_Final_05012017,LPF,"Aug 29, 2022",80.1232964258,,Brush Peak Fuelbreak,,NA,
LPF_Strategic_Fuelbreaks_SMP_CWPP_Final_05012017,LPF,"Aug 29, 2022",83.6372570431,,Fremant Fuelbreak,,NA,
LPF_Strategic_Fuelbreaks_SMP_CWPP_Final_05012017,LPF,"Aug 29, 2022",29.5294569886,,Snyder Fuelbreak,,NA,
LPF_Strategic_Fuelbreaks_SMP_CWPP_Final_05012017,LPF,"Aug 29, 2022",32.4968840832,,Windy Gap Fuelbreak,,NA,
Natural_Fuel_Break_Existing_05012017,,"Aug 29, 2022",137.152646841,,,,NA,
Natural_Fuel_Break_Existing_05012017,,"Aug 29, 2022",98.9514200717,,,,NA,
Natural_Fuel_Break_Existing_05012017,,"Aug 29, 2022",18.5751490616,,,,NA,
Natural_Fuel_Break_Existing_05012017,,"Aug 29, 2022",7.19549171485,,,,NA,
Natural_Fuel_Break_Existing_05012017,,"Aug 29, 2022",6.52347887191,,,,NA,
Natural_Fuel_Break_Existing_05012017,,"Aug 29, 2022",69.0212423836,,,,NA,
Natural_Fuel_Break_Existing_05012017,,"Aug 29, 2022",6.36924282422,,,,NA,
Natural_Fuel_Break_Existing_05012017,,"Aug 29, 2022",17.0546784876,,,,NA,
Natural_Fuel_Break_Existing_05012017,,"Aug 29, 2022",7.3418155574,,,,NA,
Natural_Fuel_Break_Existing_05012017,,"Aug 29, 2022",2.75789197735,,,,NA,
Natural_Fuel_Break_Existing_05012017,,"Aug 29, 2022",4.33486167453,,,,NA,
Natural_Fuel_Break_Existing_05012017,,"Aug 29, 2022",2.39096661668,,,,NA,
Natural_Fuel_Break_Existing_05012017,,"Aug 29, 2022",6.87197049877,,,,NA,
Natural_Fuel_Break_Existing_05012017,,"Aug 29, 2022",2.92898513597,,,,NA,
Natural_Fuel_Break_Existing_05012017,,"Aug 29, 2022",5.85755510763,,,,NA,
Natural_Fuel_Break_Existing_05012017,,"Aug 29, 2022",1.48621625892,,,,NA,
Natural_Fuel_Break_Existing_05012017,,"Aug 29, 2022",3.06129717866,,,,NA,
Natural_Fuel_Break_Existing_05012017,,"Aug 29, 2022",2.85770683018,,,,NA,
Natural_Fuel_Break_Existing_05012017,,"Aug 29, 2022",0.70697314863,,,,NA,
Natural_Fuel_Break_Existing_05012017,,"Aug 29, 2022",7.94425165079,,,,NA,
Natural_Fuel_Break_Existing_05012017,,"Aug 29, 2022",4.50718902424,,,,NA,
Natural_Fuel_Break_Existing_05012017,,"Aug 29, 2022",2.85029761686,,,,NA,
Natural_Fuel_Break_Existing_05012017,,"Aug 29, 2022",7.03550152629,,,,NA,
Natural_Fuel_Break_Existing_05012017,,"Aug 29, 2022",33.3418563102,,,,NA,
Natural_Fuel_Break_Existing_05012017,,"Aug 29, 2022",22.45350231,,,,NA,
Natural_Fuel_Break_Existing_05012017,,"Aug 29, 2022",25.6658031048,,,,NA,
Natural_Fuel_Break_Existing_05012017,,"Aug 29, 2022",2.7028935003,,,,NA,
Natural_Fuel_Break_Existing_05012017,,"Aug 29, 2022",3.55027872293,,,,NA,
Natural_Fuel_Break_Existing_05012017,,"Aug 29, 2022",20.9323143726,,,,NA,
Natural_Fuel_Break_Existing_05012017,,"Aug 29, 2022",1.87899750373,,,,NA,
Natural_Fuel_Break_Existing_05012017,,"Aug 29, 2022",1.58420642394,,,,NA,
Natural_Fuel_Break_Existing_05012017,,"Aug 29, 2022",10.6113263528,,,,NA,
Natural_Fuel_Break_Existing_05012017,,"Aug 29, 2022",33.4951211832,,,,NA,
Natural_Fuel_Break_Existing_05012017,,"Aug 29, 2022",9.21702901029,,,,NA,
Natural_Fuel_Break_Existing_05012017,,"Aug 29, 2022",86.5046267643,,,,NA,
Natural_Fuel_Break_Existing_05012017,,"Aug 29, 2022",2.38551974568,,,,NA,
Natural_Fuel_Break_Existing_05012017,,"Aug 29, 2022",12.1262759501,,,,NA,
Natural_Fuel_Break_Existing_05012017,,"Aug 29, 2022",2.91756811381,,,,NA,
Natural_Fuel_Break_Existing_05012017,,"Aug 29, 2022",3.01069131736,,,,NA,
Natural_Fuel_Break_Existing_05012017,,"Aug 29, 2022",4.51152711826,,,,NA,
Natural_Fuel_Break_Existing_05012017,,"Aug 29, 2022",3.69585804819,,,,NA,
Natural_Fuel_Break_Existing_05012017,,"Aug 29, 2022",2.73266923001,,,,NA,
Natural_Fuel_Break_Existing_05012017,,"Aug 29, 2022",0.67556336375,,,,NA,
Natural_Fuel_Break_Existing_05012017,,"Aug 29, 2022",2.57630039679,,,,NA,
Natural_Fuel_Break_Existing_05012017,,"Aug 29, 2022",9.17223845673,,,,NA,
Natural_Fuel_Break_Existing_05012017,,"Aug 29, 2022",8.00751876563,,,,NA,
Natural_Fuel_Break_Existing_05012017,,"Aug 29, 2022",3.45314826455,,,,NA,
Natural_Fuel_Break_Existing_05012017,,"Aug 29, 2022",1.94197492219,,,,NA,
Natural_Fuel_Break_Existing_05012017,,"Aug 29, 2022",0,,,,NA,
Natural_Fuel_Break_Existing_05012017,,"Aug 29, 2022",0,,,,NA,
Natural_Fuel_Break_Existing_05012017,,"Aug 29, 2022",0,,,,NA,
Natural_Fuel_Break_Existing_05012017,,"Aug 29, 2022",0,,,,NA,
Natural_Fuel_Break_Existing_05012017,,"Aug 29, 2022",0,,,,NA,
Natural_Fuel_Break_Existing_05012017,,"Aug 29, 2022",0,,,,NA,
Private_Completed_Fuel_Treatments_SMP_CWPP_Final_05012017,,"Aug 29, 2022",16.1582240086,,,,NA,
Private_Completed_Fuel_Treatments_SMP_CWPP_Final_05012017,,"Aug 29, 2022",4.25617882279,,,,NA,
Private_Completed_Fuel_Treatments_SMP_CWPP_Final_05012017,,"Aug 29, 2022",11.8783429191,,,,NA,
Private_Completed_Fuel_Treatments_SMP_CWPP_Final_05012017,,"Aug 29, 2022",19.9502342363,,,,NA,
Private_Completed_Fuel_Treatments_SMP_CWPP_Final_05012017,,"Aug 29, 2022",80.1736947759,,,,NA,
Private_Completed_Fuel_Treatments_SMP_CWPP_Final_05012017,,"Aug 29, 2022",2.66487286696,,,,NA,
Private_Completed_Fuel_Treatments_SMP_CWPP_Final_05012017,,"Aug 29, 2022",30.0683047489,,,,NA,
Private_Completed_Fuel_Treatments_SMP_CWPP_Final_05012017,,"Aug 29, 2022",4.52415801012,,,,NA,
Private_Completed_Fuel_Treatments_SMP_CWPP_Final_05012017,,"Aug 29, 2022",18.4205143835,,,,NA,
Private_Completed_Fuel_Treatments_SMP_CWPP_Final_05012017,,"Aug 29, 2022",6.27031695589,,,,NA,
Private_Completed_Fuel_Treatments_SMP_CWPP_Final_05012017,,"Aug 29, 2022",9.14756086901,,,,NA,
Private_Completed_Fuel_Treatments_SMP_CWPP_Final_05012017,,"Aug 29, 2022",14.8279952998,,,,NA,
Private_Completed_Fuel_Treatments_SMP_CWPP_Final_05012017,,"Aug 29, 2022",23.2068191462,,,,NA,
Private_Completed_Fuel_Treatments_SMP_CWPP_Final_05012017,,"Aug 29, 2022",12.5219131137,,,,NA,
Private_Completed_Fuel_Treatments_SMP_CWPP_Final_05012017,,"Aug 29, 2022",1.7822350486,,,,NA,
Private_Completed_Fuel_Treatments_SMP_CWPP_Final_05012017,,"Aug 29, 2022",17.8172359738,,,,NA,
Private_Completed_Fuel_Treatments_SMP_CWPP_Final_05012017,,"Aug 29, 2022",25.0510001997,,,,NA,
Private_Completed_Fuel_Treatments_SMP_CWPP_Final_05012017,,"Aug 29, 2022",11.3069662824,,,,NA,
Private_Completed_Fuel_Treatments_SMP_CWPP_Final_05012017,,"Aug 29, 2022",4.34007060505,,,,NA,
Private_Completed_Fuel_Treatments_SMP_CWPP_Final_05012017,,"Aug 29, 2022",6.20141073166,,,,NA,
Private_Completed_Fuel_Treatments_SMP_CWPP_Final_05012017,,"Aug 29, 2022",8.91233506979,,,,NA,
Private_Completed_Fuel_Treatments_SMP_CWPP_Final_05012017,,"Aug 29, 2022",8.27704117934,,,,NA,
Private_Completed_Fuel_Treatments_SMP_CWPP_Final_05012017,,"Aug 29, 2022",133.227357601,,,,NA,
Private_Completed_Fuel_Treatments_SMP_CWPP_Final_05012017,,"Aug 29, 2022",3.07888939774,,,,NA,
Private_Completed_Fuel_Treatments_SMP_CWPP_Final_05012017,,"Aug 29, 2022",8.01738110368,,,,NA,
Private_Completed_Fuel_Treatments_SMP_CWPP_Final_05012017,,"Aug 29, 2022",11.0545775365,,,,NA,
Private_Completed_Fuel_Treatments_SMP_CWPP_Final_05012017,,"Aug 29, 2022",10.3705926882,,,,NA,
Private_Completed_Fuel_Treatments_SMP_CWPP_Final_05012017,,"Aug 29, 2022",8.50759476734,,,,NA,
Private_Completed_Fuel_Treatments_SMP_CWPP_Final_05012017,,"Aug 29, 2022",9.71857423644,,,,NA,
SBC_Planned_Fuel_Treatments_SMP_CWPP_Updated_08302022,SBC,"Aug 29, 2022",8.23349877129,,Via Regina Fuelbreak,Chipping/ Thinning,NA,Live Oak/ Chaparral
SBC_Planned_Fuel_Treatments_SMP_CWPP_Updated_08302022,SBC,"Aug 29, 2022",1.64544456191,,La Riata Fuelbreak,Chipping,NA,Sage/ Chaparral
SBC_Planned_Fuel_Treatments_SMP_CWPP_Updated_08302022,SBC,"Aug 29, 2022",8.12910994019,,Via Clarice Fuelbreak,Lop Scatter/ Pile Burn,NA,Chaparral/ Live Oak
SBC_Planned_Fuel_Treatments_SMP_CWPP_Updated_08302022,SBC,"Aug 29, 2022",14.9788261132,,HQ Fuelbreak,Chipping/ Mastication,NA,Sage/ Oak woodland/ Eucalyptus
SBC_Planned_Fuel_Treatments_SMP_CWPP_Updated_08302022,SBC,"Aug 29, 2022",3.69054797519,,Via Regina Park,Chipping/ Thinning,NA,Live Oak/ Chaparral
SBC_Planned_Fuel_Treatments_SMP_CWPP_Updated_08302022,SBC,"Aug 29, 2022",3.41828183752,,La Espada Fuelbreak,Chipping,NA,Live Oak/ Chaparral
SBC_Planned_Fuel_Treatments_SMP_CWPP_Updated_08302022,SBC,"Aug 29, 2022",3.8750059856,,SAC 154 Fuelbreak,Chipping/ Mowing,NA,Live Oak/ Sage/ Grass
SBC_Planned_Fuel_Treatments_SMP_CWPP_Updated_08302022,SBC,"Aug 29, 2022",2.95217690862,,West Camino 2,Chipping/ Pile Burn,NA,Chaparral
SBC_Planned_Fuel_Treatments_SMP_CWPP_Updated_08302022,SBC,"Aug 29, 2022",3.14317418165,,West Camino 3,Chipping,NA,Chaparral
SBC_Planned_Fuel_Treatments_SMP_CWPP_Updated_08302022,SBC,"Aug 29, 2022",8.742644748,,West Camino 4,Chipping,NA,Chaparral
SBC_Planned_Fuel_Treatments_SMP_CWPP_Updated_08302022,SBC,"Aug 29, 2022",2.11624008872,,Painted Cave 1,Pile Burn,NA,Chaparral/ Eucalyptus
SBC_Planned_Fuel_Treatments_SMP_CWPP_Updated_08302022,SBC,"Aug 29, 2022",3.39419938605,,Painted Cave 2,Pile Burn/ Chipping,NA,Live Oak/ Eucalyptus/ Chaparral
SBC_Planned_Fuel_Treatments_SMP_CWPP_Updated_08302022,SBC,"Aug 29, 2022",0.93277148729,,Painted Cave 3,Chipping,NA,Chaparral
SBC_Planned_Fuel_Treatments_SMP_CWPP_Updated_08302022,SBC,"Aug 29, 2022",4.18591500382,,Painted Cave 5,Pile Burn,NA,Chaparral
SBC_Planned_Fuel_Treatments_SMP_CWPP_Updated_08302022,SBC,"Aug 29, 2022",1.99824154375,,San Marcos Camp TRA,Chipping,NA,Chaparral
SBC_Planned_Fuel_Treatments_SMP_CWPP_Updated_08302022,SBC/ LPF,"Aug 29, 2022",12.24981646,,West Camino 1,Chipping,NA,Chaparral/ Live Oak
SBC_Planned_Fuel_Treatments_SMP_CWPP_Updated_08302022,SBC,"Aug 29, 2022",132.608106146,,HWY154,Chipping/ Mowing,NA,Chaparral/ Grass
SBC_Planned_Fuel_Treatments_SMP_CWPP_Updated_08302022,SBC,"Aug 29, 2022",5.58925817298,,Old San Marcos Fuelbreak,Chipping/ Pile Burn,NA,Chaparral
SBC_Planned_Fuel_Treatments_SMP_CWPP_Updated_08302022,SBC,"Aug 29, 2022",8.06183210405,,Twin Ridge Fuelbreak,Chipping,NA,Chaparral
SBC_Planned_Fuel_Treatments_SMP_CWPP_Updated_08302022,SBC/ LPF,"Aug 29, 2022",41.5014222731,,East Camino Cielo Road,Chipping/ Mowing,NA,Chaparral/ Grass
SBC_Planned_Fuel_Treatments_SMP_CWPP_Updated_08302022,LPF/ SBC,"Aug 29, 2022",25.152262738,,West Camino Cielo FRA,Chipping/ Mowing,NA,Chaparral/ Grass
SBC_Planned_Fuel_Treatments_SMP_CWPP_Updated_08302022,LPF,"Aug 29, 2022",1.52090182361,,Painted Cave 4,Chipping/ Pile Burn,NA,Chaparral
SBC_Planned_Fuel_Treatments_SMP_CWPP_Updated_08302022,SBC,"Aug 29, 2022",2.67574371516,,West Camino 5,Chipping/ Mowing,NA,Chaparral
SBC_Planned_Fuel_Treatments_SMP_CWPP_Updated_08302022,SBC,"Aug 29, 2022",4.0138379645,,Cold Springs Tavern DSP,Chipping/ Thinning,NA,Live Oak/ Riparian/ Chaparral
SBC_Planned_Fuel_Treatments_SMP_CWPP_Updated_08302022,LPF/ SBC,"Aug 29, 2022",3.48966727777,,Rosario Park South Fuel Break,Chipping,NA,Live Oak/ Chaparral
SBC_Planned_Fuel_Treatments_SMP_CWPP_Updated_08302022,SBC,"Aug 29, 2022",2.64576148813,,West Camino 6,Chipping/ Mowing,NA,Live Oak/ Chaparral
SBC_Planned_Fuel_Treatments_SMP_CWPP_Updated_08302022,SBC,"Aug 29, 2022",3.67344740859,,West Camimo 7,Chipping,NA,Live Oak/ chaparral
SBC_Planned_Fuel_Treatments_SMP_CWPP_Updated_08302022,SBC,"Aug 29, 2022",1.72978120765,,West Camino 8,Chipping,NA,Live Oak/ Chaparral
SBC_Planned_Fuel_Treatments_SMP_CWPP_Updated_08302022,SBC,"Aug 29, 2022",2.20140548779,,West Camino 9,Chipping,NA,Live Oak/ Chaparral
SBC_Planned_Fuel_Treatments_SMP_CWPP_Updated_08302022,SBC,"Aug 29, 2022",1.91404651425,,West Camino 10,Chipping,NA,Live Oak/ Chaparral
SBC_Planned_Fuel_Treatments_SMP_CWPP_Updated_08302022,SBC,"Aug 29, 2022",0.783156047,,West Camino 11,Chipping,NA,Chaparral
SBC_Planned_Fuel_Treatments_SMP_CWPP_Updated_08302022,SBC,"Aug 29, 2022",0.86560256425,,West Camino 12,Chipping,NA,Live Oak/ Chaparral
SBC_Planned_Fuel_Treatments_SMP_CWPP_Updated_08302022,SBC,"Aug 29, 2022",6.04867257438,,East Camino 1,Chipping,NA,Live Oak/ Chaparral
SBC_Planned_Fuel_Treatments_SMP_CWPP_Updated_08302022,SBC,"Aug 29, 2022",1.73622923933,,East Camino 2,Chipping,NA,Live Oak/ Chaparral
SBC_Planned_Fuel_Treatments_SMP_CWPP_Updated_08302022,SBC,"Aug 29, 2022",1.76031092298,,East Camino 3,Chipping,NA,Live Oak/ Chaparral
SBC_Planned_Fuel_Treatments_SMP_CWPP_Updated_08302022,SBC,"Aug 29, 2022",0.92511725317,,East Camino 4,Chipping,NA,Live Oak/ Chaparral
SBC_Planned_Fuel_Treatments_SMP_CWPP_Updated_08302022,SBC,"Aug 29, 2022",3.39503539463,,San Marcos Camp Access Road,Chipping,NA,Live Oak/ Chaparral
SBC_Planned_Fuel_Treatments_SMP_CWPP_Updated_08302022,SBC,"Aug 29, 2022",2.17211357134,,West Camino 13,Chipping,NA,Chaparral/ Live Oak
